subclass	direct_parent	intermediate_nodes	rows
13	2309	60,347	1838568
2341	2341		1257993
13	60	347	1214522
31	31		1213222
2449	3899		1097681
2336	2336		898748
87	2019		898397
13	1878	347	865909
1831	4298	118,3670,4296	795572
138	138		789791
285	4712		772162
285	285		772003
185	185		750486
285	4713	4712	706929
189	1984		666408
2449	3901	2452,2454	661883
294	294		592161
4631	4631		569415
35	1100		556784
38	38		552821
13	394	60,347	515089
13	348		515085
23	23		512834
369	369		509736
1935	1935		506946
4551	4551		465371
2279	2279		458665
41	41		455750
176	178		454312
176	1350		449332
36	36		446519
4113	4111		431544
2811	2811		428411
303	303		427564
99	3314	2183	415679
176	4361		409781
13	1189	60,347	405084
253	253		404673
2363	2363		396716
4789	485		396472
254	2463		395896
78	2327	2310	378794
311	311		374848
2317	2317		371513
4155	4155		360193
189	3359		354393
335	335		336993
195	195		336349
1093	4817	475	324299
3087	2622		308706
2020	2020		305041
176	179	178	302888
186	188		299606
35	2564	1099	288054
1253	1253		285222
2348	2348		282328
35	1099		280681
1822	4354	2924	264649
13	4321	60,347	256415
301	301		252511
2542	2542		250607
296	296		246213
321	4110		243501
13	1880	347	242613
324	324		237760
254	128		234856
4631	3864		231680
48	48		228165
176	3469	178	224393
2257	2334		220524
1549	51		214600
75	2308		209984
2810	2810		205454
13	4322	60,347	205013
211	211		203426
189	1976		200977
328	328		200520
2955	2955		200040
27	27		199086
4197	4197		198169
2702	2702		197956
3815	1135		196957
1549	1564		190974
75	1262		189366
1091	1091		189089
392	370		185522
1974	2411		184903
89	89		184576
1322	2253	1326	184527
95	2634		182841
176	3099	3096	182732
36	4671		182370
3410	3410		177947
3282	3282		177407
176	3100	3096	175245
1322	2414		171361
4670	4670		171351
283	283		171181
13	2404	60,347	170738
56	1716		170236
1322	1326		170053
1974	2312		169342
83	4342		168529
111	306		166964
31	1925		166334
1097	1097		165889
476	476		165600
4233	4233		161901
95	2637		160602
1859	1859		159844
2017	2018		159393
4789	2314	485	158593
284	284		158169
185	4204		156213
130	130		155754
2012	2012		154409
13	4314	60,347	153661
1715	1715		151606
13	2402	60,347,1189	148084
1530	1530		147411
331	1096		146820
2013	2014		146815
4189	4189		145351
1322	1322		145168
35	1098		142200
2449	3924	3899	140259
1645	1645		138535
4789	486		138269
2497	4196		136431
2449	3902	2452,2454	136304
1437	1437		134334
2496	4749	1820	134304
1831	3671	118,3670	133792
120	120		133169
392	392		131788
1152	4612	4117	130305
2449	2228	2451	129167
1091	4518	3276,4517	129061
145	145		127714
1396	1396		127025
2497	2497		126198
2674	2674		124781
1443	1443		123039
53	53		122583
2449	2239	2452	120305
176	3098	3096	119948
176	1917	281	118971
4293	4293		118012
2335	2335		117815
20	20		117415
2496	1820		114934
417	417		114800
210	210		114236
2980	2980		114187
75	291		114100
1861	1861		113746
330	330		113501
2553	2553		112297
176	176		111967
3449	3449		111300
189	3357		110538
270	1585		109677
2006	2006		109359
2013	2013		108959
75	1893		108249
87	87		106432
74	4147		105916
285	1846		105168
99	3315	2183	103883
1550	1550		103853
4144	4144		101613
80	80		101575
2319	2319		100580
37	37		99839
95	2008	2007	99725
3389	1233		99360
1146	1146		98530
1967	1967		96746
1831	4297	118,3670,4296	96612
3410	144		95629
186	186		94055
2651	2651		92768
302	302		92462
2566	2566		91940
307	307		90535
78	2311	2310	89706
3480	3480		89633
14	14		88938
314	314		88776
326	326		88472
3482	3482		88306
13	4329	60,347	87787
2551	2551		87512
13	4310	60,347	86690
213	213		86582
344	344		84515
293	293		84464
176	2565		84451
4714	4714		84421
1857	1857		83907
2017	2017		83415
1391	59		83239
99	99		83186
4152	4152		83037
129	1661		82713
190	190		81700
187	187		81534
2054	2054		81514
95	2007		80800
254	4472	1656	80189
1871	2349		79851
309	309		79287
2449	2457	2452	78598
13	1879	347	78075
262	3086		78059
4524	4524		77641
1553	1553		77003
254	1167		76596
75	342		76092
75	1321	1319	75968
285	4756	4712,4755	75193
245	247		74149
250	2547		74050
13	2403	13,60,347,1224	73223
4208	4209		73161
3481	3481		72797
13	4830	13,348	72593
13	4830	348	71983
176	1992		71733
3970	3971		70836
1903	2256		70754
1091	3964		70403
64	64		70007
3298	3298		69988
335	2621		69548
355	355		69057
284	3999		68808
3023	3023		67625
324	3322	1723	67599
285	4713	285,4712	67545
1334	1334		67044
13	1995	348	66869
346	346		66729
129	2647	1661	66385
1903	2416		66110
4390	4390		65286
304	304		64304
53	4537		63256
3467	3467		62980
1093	1663	475	62974
4789	209	207	62755
3258	3258		62578
3317	3319		62259
4097	4097		61072
319	319		61048
2980	2981		60716
1766	3861		60572
95	2635		59380
3410	200	2817	59279
2923	2923		58423
13	1961	1813	58345
1551	1551		58165
32	4309		57825
3087	3090		57824
2552	2552		57673
176	2948	281	56562
1630	3474		56509
392	2307		56435
2966	2966		56389
321	321		56382
74	208		56264
25	25		55371
176	2515	487,1248	54828
1091	4517	3276	54577
4708	4708		54165
18	18		53771
1973	1973		53748
1814	1814		53659
54	54		53292
183	183		53081
176	4413	178	53077
13	4831	348	52468
2357	2357		52085
4742	4742		51754
162	170		50987
250	2273	250,1149,1150	50670
67	2085	2265	49843
505	505		49773
127	127		49519
1831	4298	118,1831,3670,4296	49397
13	4143	60,347	48883
2224	1160		48278
11	2207	2105	48139
1831	118		47678
295	295		47650
2553	2252		47550
189	2516		47248
1986	1986		47185
13	60	13,347	47164
87	2350		46719
13	1224	13,60,347	46523
41	500		46045
3194	4479	4445	45966
1610	1610		45580
13	4330	60,347	45574
1693	4734		45154
13	1162	318,347	45122
4403	4008		45067
1029	1029		44677
2504	2504		43751
4155	1845		43515
2013	2406		43510
1030	1030		43211
2673	4802		43061
	2448		43060
87	4206	2350	43031
218	218		43030
129	1670		42568
262	2949		42450
492	492		42140
151	151		42127
99	3314	99,2183	41851
13	4146	60,347,2404	41619
315	315		41439
2449	1897	2460	41422
3410	3522		41265
2449	2458	2451	40994
1549	1563		40832
2017	2419		40697
1093	1664	475	40469
2497	3214		40278
176	3105	2086	40155
2044	2044		39657
13	2309	13,60,347	39624
2441	2441		39578
75	75		39534
33	33		39267
4708	4709		39014
233	233		39013
176	1350	176	38979
2010	2010		38796
4632	4632		38488
75	2415	1319	38477
4208	4210		38279
1908	274		38271
176	3097	3096	38144
67	1694		37313
75	1319		36946
176	281		36940
	1392		36911
1213	1914		36649
87	2019	87	36644
113	113		36535
375	375		36521
1722	1722		36423
1871	2421		36210
270	1179		36040
4417	4417		35665
162	173	168	35569
1549	1401		35494
3972	3972		35081
1290	1290		35074
479	479		34826
1140	1140		34755
1631	1631		34687
1729	1729		34665
11	282	3305	34513
176	1318	178,179	34491
75	2222	2202	34093
3568	1467		34055
4387	4387		33916
189	2410	2315	33761
176	2346	2344	33730
4622	4622		33488
2257	2257		33346
83	2641		33262
1691	1691		32901
1799	1799		32772
189	3358	3357	32410
1283	1283		32186
4647	4647		32183
11	198		31987
13	4148	60,347,1189,2402	31800
21	21		31563
3411	3411		31345
11	4165	2105	31253
250	2282	250,1149,1150,2273	31133
3970	4532		31115
4789	485	4789	30865
11	1696	215,1366	30785
11	2204	2105	30702
3597	3599		30452
3815	3814		30380
3569	1468		30345
1894	1894		30227
285	4712	285	30169
1093	1238		30089
176	4361	176	29724
517	517		29649
11	1540		29498
1151	1151		29423
1091	4223	4219,4220	29371
147	147		29244
129	1292		29229
4758	1448		29142
189	1984	189	29013
176	2347	2344	28868
3405	3405		28696
13	4323	60,347	28284
2099	2099		28113
324	3417		27785
1549	1549		27505
1936	4005	4004	27489
4504	362		27333
2288	2288		27293
1245	1245		27292
32	32		27218
1831	4325	118,3487	27192
4758	4805		26880
245	3454	2987	26805
4758	4759		26688
1091	4224	4219,4222	26516
2449	469	2450	26376
4646	4646		26206
256	256		26144
3194	3196		26109
1910	1910		26102
15	15		26066
78	2629	2310,2628	25977
176	2345	2344	25702
41	1892		25665
56	1716	56	25584
13	4317	60,347	25511
317	317		25497
189	189		25465
4113	4111	4113	25362
2021	2021		25305
2834	2834		25300
4208	4211		25233
1822	2924		25196
1581	1581		25184
189	2316	2315	24952
4403	4403		24816
262	1989		24790
67	67		24660
69	69		24637
2449	1852	2460	24576
513	514		24462
2956	2956		24393
3886	3886		24153
1753	1753		24121
1634	1634		23881
35	1101	35	23637
2449	4253	2450	23518
3370	3370		23449
2200	2200		23165
2213	1408		23087
74	74		22936
1517	1517		22896
11	2203	2105	22808
81	81		22785
1460	1460		22777
78	1227	2310	22746
2673	2673		22660
99	4683	234	22652
1961	1961		22610
58	58		22571
95	95		22463
331	331		22356
13	394	13,60,347	22353
3194	3140	3265	22315
1640	1640		22287
262	3544	338	22280
2042	2126		22080
350	350		22043
1734	1734		21958
4233	4234	4308	21888
3597	3598		21844
2584	2584		21828
13	4312	60,347	21766
310	310		21642
1851	1851		21408
1857	1858		21115
1205	1205		21061
2524	2524		21059
2224	367		20826
1091	3276		20791
108	196		20678
3597	3601	3310	20613
2215	1393		20430
141	141		20238
2224	1562	367	20206
78	2630	2310,2628	20195
305	305		20096
503	1250	1012	20008
245	2987		19933
163	163		19830
1615	1615		19741
4415	4415		19722
176	3100	176,3096	19572
2332	2332		19513
3809	1644	1129	19489
3282	4506		19448
1831	3487	118	19437
75	1893	75	19435
245	245		19401
181	181		19356
1155	1155		19257
4485	4485		18897
252	252		18746
3392	3392		18745
1290	1252		18631
1091	3965	3964	18534
1975	1975		18497
1630	3475		18388
1831	3670	118	18325
2111	2111		18260
1183	1183		18255
74	1924		18213
2554	2554		18188
3087	3089		18175
245	246	597	18169
80	4552		18147
285	4389		18100
4474	4474		18007
153	153		17987
1549	1565		17981
83	2639		17964
129	2938	1661	17930
176	2787	2086	17911
3981	3980		17723
19	19		17699
176	3099	176,3096	17452
212	212		17434
3893	4482		17335
13	4145	60,347,2404	17328
4629	4630		17328
1693	1693		17315
262	338		17287
323	323		17174
1114	1114		17149
2257	2334	2257	17131
1713	1713		16946
4162	4162		16771
554	554		16761
3589	3589		16757
2180	2180		16679
2338	2338		16527
13	4319	60,347	16488
1283	1538		16422
13	4321	13,60,347	16401
56	56		16352
13	4315	60,347	16320
1093	3626	1238,3628	16136
95	2636		16136
2288	2577		16118
3568	3568		16064
176	2786	2086	16030
251	251		16029
1908	100		16008
3590	3590		15955
78	2633	2310,2632	15951
1334	2951		15922
79	79		15906
637	3821	3822	15906
1194	1194		15898
35	2564	35,1099	15731
2722	2722		15680
3997	3997		15647
13	2010	1813	15634
4789	206		15569
2323	2323		15568
308	4292		15233
3981	3979		15214
3566	1469		15104
262	1528	1989	15065
2995	2995		14892
2117	2117		14837
2257	2695	2334	14835
86	86		14821
159	159		14736
503	4225		14735
1871	1871		14734
284	1141		14681
1516	1516		14676
111	111		14613
313	313		14593
1831	3213	124	14560
1611	1611		14509
3410	144	3410	14501
176	3098	176,3096	14423
4105	4638		14414
4789	207		14390
13	1878	13,347	14313
1314	1314		14307
93	93		14263
2554	2556		14087
3787	3787		14041
176	179	176,178	14037
1418	1669		13982
245	597		13789
11	1498	1540	13767
262	1423		13743
67	2413	2265	13700
1551	676		13676
4149	4149		13675
229	229		13584
3425	3425		13579
176	178	176	13539
176	4700	1350	13508
1614	1614		13473
1339	1339		13466
2042	1829		13441
2330	2330		13347
1466	1466		13307
41	3030	500	13306
2224	2224		13242
3998	3998		13235
78	1225	2310	13204
481	481		13199
1244	1244		13163
1115	1115		13112
1466	3570		13107
1578	1578		13063
518	518		12808
109	109		12784
4331	4331		12749
2449	4796	3899,3924	12709
250	2273	1149,1150	12698
2497	4529	4196	12692
1016	1016		12563
262	341		12496
1764	1764		12478
254	2463	254	12349
2496	4749	1820,2496	12299
78	2529	2310	12256
262	483		12249
56	1144		12246
285	4757	4712,4755	12195
45	45		12172
11	2276	3305	12151
3194	3265		12137
194	194		12109
78	2327	78,2310	12026
4405	4405		11999
2049	2358	1580	11929
223	223		11914
2224	1934		11913
1093	3919	1166	11893
1093	3416	1238	11877
2967	2967		11842
2932	2932		11833
4794	4794		11805
3918	3918		11770
285	4718	1846,4716	11714
78	78		11638
2980	2981	2980	11629
2908	2909		11585
320	320		11569
32	3278		11565
3597	3600	3310	11527
	400		11492
1013	1013		11483
2124	2124		11413
4677	4677		11403
1831	1363	3131,3672	11389
2049	2358	1580,2049	11325
3410	204	200,2817	11320
2114	2114		11316
503	503		11285
2377	2377		11284
111	306	111	11251
75	292	75,291	11248
480	480		11231
1982	2223		11164
75	2202		11135
176	4010	1105,4009	10989
83	2638		10987
1158	3031		10971
57	57		10941
7	2760		10935
2901	494		10913
210	1866	1865	10899
2214	1299	1504	10836
1797	1797		10745
4191	4191		10741
262	2950		10653
254	3338	1167	10636
1151	40		10619
1257	1257		10617
102	102		10595
1581	1582		10589
1930	1930		10534
4789	486	4789	10514
13	4831	13,348	10446
11	146	1148,3305	10439
129	286		10399
2554	2557	2555	10362
321	4704		10289
4789	416	486	10279
4107	4107		10277
1302	1302		10236
1286	137		10234
3862	3862		10206
13	4311	60,347	10206
343	343		10195
2701	2701		10172
78	242	2310	10118
13	4313	60,347	10114
4476	4476		10105
2449	3901	2449,2452,2454	10093
254	1656		10061
481	1211		10011
1935	2982	1935	9997
36	4671	36	9983
1272	1274		9977
1733	1733		9962
270	1178		9945
4538	4538		9918
1831	3926	133	9826
2524	2525		9820
1093	3922	475	9768
4336	4337		9768
3194	3867	3195	9671
35	1099	35	9666
503	1012		9653
278	278		9642
13	1189	13,60,347	9564
1920	1920		9564
1626	1626		9497
4659	4659		9431
1988	1988		9426
189	2184		9421
491	491		9389
78	2631	2310,2628	9367
162	167		9333
2449	3924	2449,3899	9315
4502	4502		9314
2011	2011		9305
327	327		9283
244	244		9279
67	2563		9268
1693	4733	3080	9251
1093	1658	1657	9247
1313	1313		9243
1816	1816		9221
270	4581	3136,3311	9220
75	4161		9203
222	222		9193
4758	4758		9187
1929	1929		9177
392	2407	2307	9169
1831	2229	124	9160
2275	2275		9134
3455	1185		9134
1212	1212		9107
2129	2129		9094
1391	1391		9052
1900	1900		9049
4631	3864	4631	9024
262	495		8999
364	364		8985
1152	4117		8961
88	205		8955
1515	1515		8947
139	139		8918
2212	2212		8876
35	1100	35	8829
2042	2042		8818
2106	2106		8807
75	292	291	8779
1111	3533	1583	8777
2351	2351		8707
1961	1994		8703
176	3469	176,178	8645
1871	4687	2349	8623
55	55		8576
1286	135		8557
1552	1552		8533
299	299		8532
1908	1811	274	8448
4450	4452		8425
11	2205	2105	8419
2648	2648		8365
1549	1127		8361
2863	2863		8357
1295	3095		8351
189	3359	189	8340
250	2282	1149,1150,2273	8326
13	4329	13,60,347	8310
1918	1918		8308
1876	2422		8282
1283	1772	1543	8279
41	52		8267
158	158		8235
756	756		8216
4293	4692		8203
231	231		8171
1316	1316		8158
1710	1710		8143
1990	1990		8115
1445	1445		8102
1111	3531	1583	8102
	279		8085
112	4511		8084
83	4342	83	8042
2083	2575		8020
2499	2499		8006
321	4110	321	8002
1863	1863		7992
1833	1833		7969
	4150		7959
75	1921		7933
216	216		7917
1693	3080		7867
3569	3569		7813
1091	4518	1091,3276,4517	7766
2348	2196		7766
1158	3203		7751
258	258		7747
1551	3782		7737
1831	2434	124	7729
176	4012	1105,4009	7719
2049	2049		7707
1939	1939		7683
2322	2322		7682
510	510		7671
2022	2022	517	7605
226	228	227	7594
1911	2424		7592
3317	3319	3317	7580
1855	1855		7568
2861	2861		7561
408	3458	3457	7559
553	553		7553
2216	1358		7541
3409	1873		7492
467	467		7407
245	247	245	7391
2754	2754		7384
284	3968		7381
1985	1985		7375
1831	133		7369
13	4330	13,60,347	7359
1220	1220		7359
3087	2622	3087	7353
504	504		7350
4083	4083		7343
1831	3674	3131,3672	7340
2017	2018	2017	7332
2585	2596		7328
220	220		7323
176	1992	176	7276
232	232		7236
2218	1367		7235
1908	1908		7230
4676	4676		7228
1549	51	1549	7212
2919	2919		7203
1831	122	118	7188
75	2308	75	7186
262	262		7181
3566	3566		7176
1822	2925		7170
270	270		7169
398	398		7160
2257	2809	2258	7140
13	2964	60,347,2965	7138
1891	1891		7129
3087	3088		7129
2958	2958		7127
2819	2820		7119
434	434		7077
11	3048	215,1258,1366,1697,3049	7075
2177	2177		7073
4105	4731	4638	7066
75	291	75	7063
4504	4453	362	7060
91	91		7042
13	4316	60,347	7019
1909	1909		7011
176	2514	487,1248	7004
1283	1771	1543	7000
1389	1389		6987
176	1251	1248	6964
285	4717	1846,4716	6954
2219	1344		6951
3737	3737		6950
1822	4354	1822,2924	6942
2243	2243		6929
176	2788	2086,2786	6926
1549	1564	1549	6918
13	2403	60,347,1224	6856
210	1865		6836
11	1497	1540	6768
2449	3899	2449	6766
4336	4338		6766
4629	4629		6751
75	1978		6751
1125	1125		6746
403	403		6721
265	265		6721
240	240		6694
93	4002	2562,4001	6692
1331	1331		6654
56	1291		6624
176	4702	1350,4701	6621
2449	1088	2460	6612
1455	1455		6594
1132	1132		6578
2818	2818		6537
250	1149		6535
13	4143	13,60,347	6529
1544	1617		6519
93	4668	2562,4001	6497
3194	4446		6494
1391	59	1391	6491
70	70		6485
4789	2314	485,4789	6481
3953	3953		6469
408	3459	3457	6457
1850	1850		6451
1272	1273		6430
1347	1347		6372
1168	1168		6372
56	1896		6367
4377	4377		6359
1445	516	2194	6351
3317	3318		6341
13	1224	60,347	6338
4121	4121		6323
1027	3962		6315
4628	4628		6306
2182	2182		6288
1438	1438		6257
2313	2313		6254
1272	1275		6223
1518	1518		6221
4157	4160		6219
4785	4785		6211
4007	4007		6207
4193	4193		6204
3410	2339		6204
1818	1818		6198
337	337		6166
13	4317	13,60,347	6139
1415	1415		6134
2031	2031		6123
2957	2957		6100
3893	3893		6096
2049	1755		6080
1194	3058		6078
1142	1142		6063
3940	3940		6059
2496	1820	2496	6019
61	61		5995
2389	2389		5985
501	501		5979
285	4719	1846,4716	5970
75	1122	291	5959
2572	2572		5958
1093	1662	475	5950
1013	2364		5939
4450	4450		5938
2213	3829		5931
108	108		5916
7	1045		5896
84	84		5891
3484	3485		5870
1911	1911		5847
1032	1032		5828
13	348	13	5774
2321	2321		5774
11	2259	1497,1540	5768
285	4756	285,4712,4755	5759
162	174	172	5758
1391	2505	59	5729
1158	2089		5704
401	401		5683
408	1266		5658
402	402		5640
2215	3830		5629
6	6		5620
162	2362	167	5590
2246	2246		5555
1527	1527		5549
13	271	318,347	5520
4418	4418		5514
226	226		5494
3496	3496		5475
176	1248		5455
1550	101		5450
1983	1983		5445
262	489		5443
3408	3408		5403
2926	2926		5396
13	4323	13,60,347	5393
2118	2118		5392
2128	2128		5392
3738	3718	3740	5376
1213	1913		5376
2581	2581		5372
185	4204	185	5367
2609	2609		5350
13	4314	13,60,347	5343
262	333		5333
1550	2440		5331
4491	4491		5330
2782	2782		5330
3809	3813		5323
176	1106	1105	5296
436	436		5287
186	188	186	5285
1093	4252	475,3922	5272
2838	290	2840	5270
129	2467	2286	5246
1650	1650		5245
123	123		5240
155	155		5200
1169	1169		5198
3637	3637		5163
1445	260	2194	5160
79	2337		5144
1630	3472		5098
93	2326		5098
1641	1641		5094
1871	4686	2349	5093
1548	3001		5068
2838	17	2840	5029
1270	1270		5028
4188	4188		5015
1551	1357		5013
1831	4297	118,1831,3670,4296	5009
1322	2414	1322	4993
637	3067	3822	4973
1510	1510		4970
1551	1757		4941
2091	2091		4936
1369	1369		4924
11	215		4915
2211	2211		4914
2497	4196	2497	4858
463	463		4853
1606	1606		4801
2132	2133		4779
95	2329		4747
4139	4139		4740
177	177		4713
75	4531	1893	4710
358	202	2569	4706
3007	3007		4698
176	2565	176	4693
2835	2835		4648
1022	1022		4640
150	150		4614
250	250		4589
	4		4587
13	4312	13,60,347	4577
13	4322	13,60,347	4568
2005	2005		4548
2391	2391		4534
4140	4140		4528
11	1675	282,3305	4506
3413	199		4502
3809	1647	1129	4482
408	3460	3457	4472
226	1923		4436
1209	1209		4434
176	4815	178	4426
2585	2592		4422
1125	1559	1555	4386
1831	4808	118	4372
1855	2558		4365
1111	1583		4353
1093	4817	475,1093	4340
3410	2817		4316
	2		4312
29	29		4302
83	2640		4290
11	2815	215,374,2094	4287
1831	3978	124,1345,3213	4270
3491	1126		4241
1553	2380		4239
285	1846	285	4235
1831	2494	118,2384,2495,3487	4224
53	4537	53	4212
176	4699	1350	4206
1200	1200		4198
1965	1965		4192
2449	470		4191
1276	1276		4189
1831	280	118	4180
1093	1166		4177
316	316		4176
1743	1743		4176
337	1632		4168
75	4486		4156
284	3999	284	4113
3194	4479	3194,4445	4106
50	50		4102
381	381		4099
1213	1914	1213	4073
1548	3000		4065
117	2375	1673	4061
41	3954	52	4041
1908	274	1908	4032
2306	2306		4027
1895	1895		4026
88	88		4014
1831	1373	3131,3672	4011
11	2813	215,374,2094	3999
3912	3912		3979
1655	1655		3969
2218	1681	1377	3962
72	72		3958
2945	2945		3955
414	3951		3954
254	4472	254,1656	3953
2953	2953		3948
1554	1410	1277	3943
2554	2555		3938
1093	1165		3931
1236	1236		3930
189	1976	189	3913
3567	1403		3905
99	3315	99,2183	3884
392	370	392	3876
1416	1416		3873
1283	1770	1543	3871
2195	2195		3847
2320	2774	2765	3797
2449	2452		3791
4416	4416		3769
2651	356		3768
2049	4081		3764
4151	4151		3762
176	2611	2565	3744
1551	3788		3710
1691	1490		3705
117	2394	1267	3699
1969	1969		3696
1831	3671	118,1831,3670	3694
2908	2907		3693
4789	2378	486	3692
3815	1135	3815	3691
2217	332		3680
1334	2518		3678
32	4309	32	3667
3317	3317		3666
2320	2773	2765	3652
2756	2756		3641
4407	4407		3639
1890	1890		3633
11	282	11,3305	3631
226	1883	227,228	3630
4409	4409		3621
2036	2036		3617
4403	4008	4403	3607
3194	3205	4446	3600
2216	3839		3589
75	2222	75,2202	3585
254	128	254	3580
2218	1395		3579
35	1098	35	3574
4105	4105		3567
1322	4627	2414,4624	3549
1831	2122	118,125,3487	3545
162	4411	168,173	3543
162	170	162	3539
1359	1359		3538
2219	2219		3533
2838	2840		3530
1445	1104	2194	3524
1831	2913	118	3523
4327	4327		3514
176	2515	176,487,1248	3513
4396	4396		3512
1586	1586		3511
2449	2460		3492
4565	4565		3484
176	3008	487,1248	3483
2449	1145	1897,2460	3457
2320	2772	2766	3448
2320	2769	2764	3432
1263	1256		3425
1550	3655		3424
375	474		3402
490	4705		3402
1418	1418		3399
4823	4823		3371
1295	3236		3370
1831	2436	2433,3131	3368
1322	2253	1322,1326	3361
1286	136		3349
2608	2608		3347
410	410		3344
2642	2642		3339
321	4414	4704	3331
11	2204	11,2105	3329
2131	2131		3329
3260	3260		3321
270	2237		3309
3890	3890		3293
1511	1511		3292
2864	2864		3289
1831	4809	118,4808	3278
1935	4513	1935,2982	3269
117	1673		3261
176	3097	176,3096	3251
254	1092		3239
4097	4098		3234
1871	2349	1871	3232
358	2568		3232
219	219		3200
11	3308	198	3194
13	2402	13,60,347,1189	3161
1521	1521		3147
1804	1804		3142
1982	1982		3141
1987	1987		3139
3216	3216		3138
35	1101		3138
36	4613		3130
1295	1295		3128
1539	1539		3120
1031	1031		3113
176	2789	2086,2787	3112
4099	4099		3108
129	2511	1292,2509	3105
83	83		3086
4419	4419		3079
503	386	1012	3078
550	550		3071
3194	4445		3068
1042	1042		3067
3194	3200		3046
1831	2088		3046
13	2404	13,60,347	3020
507	507		3020
1180	1180		3015
2496	2496		2990
369	143		2958
1926	452		2948
13	1880	13,347	2930
4799	4799		2926
2749	2749		2922
87	4207	2350	2909
262	3086	262	2904
2449	2454	2452	2900
176	2346	176,2344	2893
2071	2071		2889
11	2094	215	2888
2585	2596	2585	2882
4478	4478		2858
74	4147	74	2847
1013	2364	1013	2843
176	4576	487,1248	2838
13	4315	13,60,347	2821
1831	1118	118	2814
112	1208	1207	2813
716	716		2808
411	1010		2807
2220	2220		2798
1796	1796		2792
13	4787	318,347,1162	2792
331	1096	331	2788
4789	209	207,4789	2778
2352	2352		2774
1889	1889		2758
4152	4543		2754
176	281	176	2752
11	1698	215,1366	2748
1152	4612	1152,4117	2747
498	498		2746
1391	465	3002	2741
1125	1560		2741
1308	1308		2726
298	298		2722
254	1167	254	2695
1550	2872		2690
308	308		2686
176	1108	1105	2684
245	3453		2682
250	2547	250	2677
1615	1136		2660
1091	3964	1091	2659
1831	3420	3677	2655
2901	494	2901	2653
1928	1928		2651
2946	2946		2651
4190	4190		2643
1864	2409		2626
13	3025	348	2613
2582	2582		2612
31	1925	31	2610
3410	200	2817,3410	2601
75	342	75	2596
95	2634	95	2590
13	4310	13,60,347	2562
411	3079		2551
1125	1555		2545
191	191		2544
1154	1154		2542
408	4696	4616,4617	2535
4477	4477		2534
2449	3902	2449,2452,2454	2533
1091	4517	1091,3276	2531
497	497		2515
2320	2775	2765	2511
95	4003	2329	2507
4020	4020		2505
1093	1238	1093	2493
4154	4154		2492
22	22		2491
151	1598		2486
2798	2798		2485
3327	1090		2480
2287	2287		2480
3567	3567		2473
1788	1788		2471
176	1779	281	2457
408	408		2455
3327	3327		2452
4743	4743		2450
4201	4201		2447
1125	1557		2444
1831	4325	118,1831,3487	2436
2721	2721		2434
1213	1916		2431
2215	1393	2215	2428
110	110		2416
2445	2445		2413
2862	2862		2407
112	114		2401
1979	1979		2397
419	419		2392
132	132		2388
176	2347	176,2344	2382
3520	3520		2369
1309	1309		2365
4711	4711		2350
1831	2123	118,125,3487	2341
1296	1296		2335
11	2207	11,2105	2327
1974	2411	1974	2327
284	3602		2323
1550	1789		2319
56	1714		2319
4650	4650		2310
3633	3633		2306
2342	2342		2300
3410	3543		2293
3087	3090	3087	2290
3194	4444	4445	2288
3413	203	199	2281
176	1318	176,178,179	2275
161	161		2250
3194	4698		2247
3569	1468	3569	2242
1091	3969	4108	2224
1551	2738	3401	2223
1283	1538	1283	2218
324	1461		2213
4106	4106		2213
95	2637	95	2205
4776	3034		2203
2585	2591		2197
2586	2687	2606	2189
95	2007	95	2187
426	426		2171
3809	1644	1129,3809	2166
4351	4351		2165
176	2345	176,2344	2153
4789	4827	207	2150
437	437		2144
408	4619	4616	2137
1550	2874		2136
47	47		2124
2449	2239	2449,2452	2118
142	142		2118
549	549		2117
1544	1619		2115
2790	2790		2101
1578	1109		2092
2132	2132		2078
1550	2456		2069
1013	1687	2364	2066
4789	2087	485	2066
2320	2771	2766	2059
3455	1184		2057
3373	3373		2054
4089	4089		2052
513	1422		2050
129	2512	1292,2509	2048
538	538		2046
1137	1137		2043
11	2203	11,2105	2037
32	3277		2035
1550	3583	2004	2035
2179	2179		2032
325	325		2029
3410	3521	200,204,2817	2029
637	2264	3067,3822	2027
1312	1312		2025
4758	4205		2019
395	4091		2014
4105	4637		2004
176	3085		2003
337	1584	3012	1987
2287	2417		1983
183	1637		1982
119	119		1980
3258	4305	1419,1428	1965
11	3573	282,1675,3305,3575	1960
4203	4203		1958
2508	2508		1954
1269	1269		1951
2374	2374		1950
4503	4503		1947
11	3574	282,1675,3305,3575	1946
11	1542		1942
129	2509	1292	1940
1544	1618		1929
1336	1336		1923
2148	2158	2151	1922
2178	2178		1920
1831	1223	118	1920
1912	1912		1917
2500	4620		1916
1871	2421	1871	1914
1391	2503		1913
2340	2340		1912
1693	4734	1693	1911
176	487	1248	1903
2213	1408	2213	1897
3568	1467	3568	1890
1093	2354	1238	1889
490	4706		1873
1766	1766		1865
11	2210		1865
3805	3805		1863
41	3955		1846
121	121		1841
11	2260	1498,1540	1834
2507	2507		1831
3970	3971	3970	1829
2704	2707		1827
24	24		1823
1151	40	1151	1820
2902	2902		1818
1194	3060		1813
2585	2595		1812
4128	4128		1812
189	2516	189	1811
3891	3891		1806
588	588		1795
1386	1386		1789
1322	1326	1322	1787
2320	2768	2764	1787
3597	3599	3597	1784
1093	475		1784
499	499		1781
1027	3961		1781
4208	4209	4208	1775
4484	4484		1771
262	2949	262	1769
1368	1368		1769
2908	2908		1768
221	221		1766
1232	1232		1765
134	134		1758
245	2987	245	1754
2922	2922		1752
1908	1762	274	1749
95	225		1746
1749	1749		1743
4141	4141		1739
3	3		1733
372	372		1729
1524	4072	4066	1729
217	2836		1728
3468	3468		1719
	4478		1699
4461	4461		1692
1908	3017	274	1689
4408	4408		1686
1027	3960	3961	1686
3815	4782		1683
4388	4388		1679
75	1927		1676
1604	1613	3424	1666
112	115	114	1660
1551	2003	2002,2930	1657
1884	1884		1653
11	4165	11,2105	1652
1522	1522		1650
1551	2875		1650
112	3295	116	1641
2083	2083		1633
13	4555	60,347,4313	1633
1552	2883		1633
13	4319	13,60,347	1632
1550	2051		1632
262	339		1628
3650	3650		1622
2224	1562	367,2224	1620
1974	2312	1974	1616
1630	3475	1630	1615
74	208	74	1612
245	1998		1606
176	2948	176,281	1603
3413	3413		1596
2449	2228	2449,2451	1595
1204	1204		1595
408	3457		1593
1819	1819		1592
324	1095		1591
3282	4506	3282	1588
2748	2748		1586
3410	4774	2339	1584
162	2318		1583
1966	4259		1581
3889	3889		1580
11	1541	1540	1577
1551	8		1577
384	1249		1575
175	175		1573
2617	1608		1573
1074	1074		1568
1310	4657	397	1565
1831	118	1831	1564
4404	4404		1562
1306	1306		1562
1243	1243		1558
176	4578	487,1248,4576	1554
13	4320	60,347	1551
1111	3535	1737	1550
3410	3483	200,2817	1548
2360	2360		1542
4640	4640		1541
2807	2803		1537
1534	1546		1535
4258	2626		1533
1534	1545	2802	1531
1553	2380	1553	1531
3981	3981		1531
1091	3276	1091	1528
2013	2014	2013	1522
1908	1763	274	1516
4164	4164		1514
2936	2936		1513
1093	1164	475	1513
1922	1922		1512
2576	2576		1508
503	4225	503	1499
2060	2060		1494
4450	4451		1493
217	217		1492
176	3105	176,2086	1491
1572	1572		1491
358	202	358,2569	1488
2607	2607		1487
129	2647	129,1661	1481
2672	2672		1481
2147	1620		1478
1295	3233	3027	1477
176	4700	176,1350	1466
3015	3015		1466
399	399		1464
395	395		1463
2750	2750		1461
2991	2990		1461
1093	376	475,1662	1460
1566	1566		1457
3808	3263		1455
3530	3530		1455
1322	4626	2414,4624	1455
1093	1663	475,1093	1453
3389	3389		1453
1549	1401	1549	1450
13	4146	13,60,347,2404	1445
408	3869		1442
3491	3489		1437
2585	2590		1436
1630	3474	1630	1432
4036	4036		1432
210	4720		1432
3597	3598	3597	1431
1093	3919	1093,1166	1418
2991	2993		1417
384	384		1415
1445	1124		1414
3808	1597	1133	1413
2704	2704		1411
3409	3409		1410
1630	3473		1410
1786	1786		1408
3625	3625		1406
129	1670	129	1403
13	4148	13,60,347,1189,2402	1403
2497	3214	2497	1398
1936	1936		1398
1692	1692		1396
1938	1938		1392
4758	4805	4758	1386
534	534		1385
742	742		1383
243	243		1382
1686	1686		1378
1283	2119		1376
1113	1113		1375
1325	1325		1374
2484	2484		1373
3809	3810		1364
13	1162	13,318,347	1358
2147	1621		1354
1111	3534	1583,2934	1352
2567	2567		1350
11	3049	215,1258,1366,1697	1350
2131	2130		1348
2553	2252	2553	1347
1111	1737		1347
108	197	196	1347
1926	1926		1346
13	3024	348	1346
2585	2593		1341
513	514	513	1338
1234	1234		1338
13	4176	347	1330
3404	3404		1330
4376	4376		1328
176	4413	176,178	1322
1831	156	118,3487	1321
162	4410	168,173	1316
87	2350	87	1310
1551	3494		1305
1871	4688	2349,4687	1305
2536	2536		1304
1936	4005	1936,4004	1300
3888	3888		1299
3738	3738		1299
1524	4347	4348	1298
75	1262	75	1296
4208	4210	4208	1296
324	3417	324	1295
3194	4480	4445,4479	1289
112	1207		1289
49	49		1285
226	228	226,227	1284
13	4311	13,60,347	1283
75	2415	75,1319	1282
106	106		1282
3194	3196	3194	1280
2570	2570		1279
415	415		1279
262	471		1275
2148	2162	2153	1273
1310	397		1272
81	4727	4724	1271
2257	2028		1260
1935	2982		1257
1549	1563	1549	1256
1534	2802		1254
11	3050	215,1258,1366,1697	1248
2224	367	2224	1242
1674	1674		1238
2724	2729		1231
151	3952		1230
176	1917	176,281	1228
1295	3027		1226
3194	4481		1226
3484	3486		1226
1606	1575		1223
2506	2506		1221
103	103		1215
75	1122	75,291	1213
1701	1701		1213
2224	1160	2224	1210
3929	3929		1209
129	1661	129	1207
3107	3107		1205
11	198	11	1204
162	4412	168,173	1203
2022	2023	517,2022	1202
1854	1854		1199
517	2023	2022	1199
3258	1432	1419	1199
2181	2181		1195
4401	4401		1193
3778	3778		1192
1134	1134		1192
4157	4157		1191
1013	1687	1013,2364	1185
4789	4167	485	1182
176	3539	1248,1251	1176
1734	2829		1175
162	173	162,168	1173
337	3013		1171
95	2008	95,2007	1164
176	4577	487,1248,4576	1164
1093	3989	1238	1164
162	1458	168,173	1164
1908	100	1908	1163
176	1251	176,1248	1161
4105	4735		1161
2680	2680		1155
1551	676	1551	1143
11	1697	215,1366	1143
408	4618	4616	1142
1013	1447		1136
3477	3477		1135
1093	4684	1165	1135
129	1292	129	1133
189	4397	1976	1129
4099	4488		1127
3686	3686		1126
32	2761	34	1124
162	162		1124
3936	3936		1120
4208	4212		1119
41	3956	3955	1113
1445	1110	2194	1113
2810	4561		1112
1935	4513	2982	1112
3132	4715		1112
663	663		1111
2067	2067		1110
3715	3715		1110
3094	3094		1109
162	168		1109
189	3357	189	1108
1572	4748	4623	1107
337	3508	3642	1106
4208	4215	4212	1106
235	3202	1327	1104
245	246	245,597	1100
1080	1843		1099
2127	2127		1097
1888	1888		1093
411	411		1091
11	3305		1090
4812	4812		1085
377	377		1083
1446	1446		1082
81	4725	4724	1081
2755	2755		1078
1125	1807		1073
3653	3653		1071
3809	3811		1071
1283	2119	1283	1065
2823	2823		1062
1340	1340		1060
359	359		1057
1201	1201		1055
1491	1502		1053
1633	1633		1052
411	3078		1050
335	2621	335	1049
141	4505		1044
3415	3415		1041
1293	1293		1039
254	2539	1092	1039
4370	4370		1038
3759	3759		1031
270	3075	2237,3074	1027
1550	3582	2004	1026
1734	4424		1025
4258	4258		1024
2016	2016		1024
375	4667		1024
1550	2517		1020
1368	1190		1015
3893	4482	3893	1013
490	490		1013
262	340		1010
2320	2770	2766	1008
392	2307	392	1005
1379	1381		1000
2819	2820	2819	997
357	357		997
2655	2655		996
56	2240		995
13	2620	60,347,1189,2402	995
1181	1181		994
3484	3485	3484	990
87	4207	87,2350	989
1323	1323		982
1551	2877		978
157	157		971
3394	3394		967
1111	2996	1361,1583	967
1116	1116		965
3770	3770		964
269	269		962
1445	2198	2194	961
1322	2254	1326,2253	961
390	391	4096	960
1831	3487	118,1831	953
2215	3403	1393	952
3410	4775	144	950
238	238		945
1534	1547		944
4112	4112		944
513	519		942
1831	3672	3131	941
417	4525		938
1678	1678		937
1551	2550		937
4789	416	486,4789	934
4195	4195		931
112	116		931
11	1498	11,1540	922
1794	1794		922
2449	1897	2449,2460	921
11	1540	11	918
1303	1303		918
226	1923	226	917
2215	3402	1393	917
2134	2175	2173	915
4504	362	4504	914
2892	2895		908
4390	4406		908
1043	1043		907
1831	2435	124	907
1766	3861	1766	906
1283	1543		906
1551	2906	2875	905
1831	3670	118,1831	902
499	3882		901
1630	3542		896
4822	4822		891
1283	1768	1538	891
11	3925	373,1498,1540	890
117	2395	1267	890
1550	3562	1781	886
3566	1469	3566	884
2910	2910		884
270	2959		883
3264	3264		878
2747	2747		876
2653	2653		876
1823	1823		876
3410	1735	144	872
1853	1853		868
4155	1845	4155	865
2285	2285		864
117	1267		863
1872	1872		862
3419	3419		855
254	1656	254	854
2680	2746		853
189	2410	189,2315	848
1550	2245		848
176	2947	281,1779	848
1093	1664	475,1093	845
1885	1885		845
1831	2492	118,2384,2495,3487	844
2288	2289		844
1795	1795		843
2052	2052		842
7	7		842
162	4411	162,168,173	840
1295	4158		840
1091	4223	1091,4219,4220	839
3755	3755		838
1157	1157		837
2818	4636		836
1445	1159		835
2247	2247		834
2013	2406	2013	832
108	196	108	826
176	4702	176,1350,4701	825
3372	3372		825
245	3454	245,2987	824
1551	1760		824
858	858		822
3410	3522	3410	821
2671	2671		816
3597	3601	3310,3597	816
3461	3462		814
75	2202	75	813
2892	2893		813
1379	1379		811
1286	4272	135,182	811
3536	3536		811
1283	1771	1283,1543	810
1825	1825		807
1864	1864		807
262	1537	1989	805
1283	2046	1543	802
4752	4752		799
1111	3678	1583	799
2445	2446		797
375	3280		794
2800	2800		793
67	2085	67,2265	791
1805	1805		790
160	160		788
1667	1667		788
117	3091		788
2484	1231		786
129	1605		785
1831	4673	118,3670,4296,4298	784
1612	1828		783
1286	182	135	783
4293	4692	4293	781
530	530		778
1615	3504		778
1593	1593		776
1903	2416	1903	776
1550	3752		776
1844	1844		773
1766	2201		770
346	1271		770
4442	4442		769
4294	4294		769
1831	3926	133,1831	767
1875	1875		766
1548	3001	1548	765
1535	1535		763
1315	1315		763
589	589		762
2381	2381		762
2058	2058		762
3443	3443		760
2654	2654		758
1337	1337		758
1204	3868	2857	757
3109	3109		755
1237	1237		754
2188	2188		751
92	92		751
2937	2937		751
2213	2213		750
2039	2039		748
162	172		748
504	512		747
1604	3423		747
80	2110		747
584	584		746
11	146	11,1148,3305	744
2659	2659		744
2224	1934	2224	743
176	3106	2086,3105	743
1982	2223	1982	742
1997	1997		742
412	412		741
1349	1349		740
526	526		739
2780	2780		739
270	1179	270	738
2355	2355		738
1093	4527	475	738
78	2311	78,2310	736
1524	4090	4071	734
235	235		734
270	1585	270	733
3258	3257	1419	733
2017	2419	2017	731
1551	2916		731
1093	3283	376,475,1662	730
1831	2912	118	729
2843	2438	1301,2847	726
1551	351		725
1188	1188		724
1666	1666		721
1778	1778		721
176	4010	176,1105,4009	720
4131	4131		719
83	2641	83	718
1023	1023		717
346	4579		717
129	4343	1292,2509,2510	715
388	388		714
1906	1906		713
126	126		713
3364	3364		710
1822	2056		710
11	3575	282,1675,3305	710
1111	2997	1361,1583	709
1283	1772	1283,1543	708
78	242	78,2310	707
2500	4620	2500	707
3410	3519	200,204,2817	704
4776	4777		703
3389	3388		703
11	3307	1542	699
11	1499	1540	699
2586	2602		698
4681	4682		698
41	1892	41	693
2573	2573		693
2215	3186	3187	692
2449	2458	2449,2451	691
4208	4211	4208	689
2147	1622		689
1630	3509		688
1175	1175		687
78	2633	78,2310,2632	686
1445	2194		685
129	129		684
2215	2215		684
1534	2231	2801	684
13	4145	13,60,347,2404	681
3361	3361		680
2795	4575	4570	680
1295	3232	3027	680
1093	3033	1657	679
110	3039	255,1228	679
2449	2457	2449,2452	678
1612	1828	1612	678
162	3066		678
637	637		677
11	2191	198	677
129	286	129	676
2617	1608	2617	676
2724	2728		673
129	2856	2286	673
2586	2689	2602	672
93	4001	2562	672
1604	3422		672
2586	2687	2586,2606	670
2382	2382		670
1204	3870	3662	670
1549	1127	1549	667
1529	4568		666
503	1282		666
1466	3570	1466	665
1152	2459		663
4566	4566		662
444	444		660
11	2814	215,374,2094	660
337	1587	1584,3012	659
266	266		658
11	2365	2105	658
1311	1311		656
2449	2453	2449,2450	655
99	4202		654
1939	1601		652
	3866		652
3970	4532	3970	651
4164	4662		651
337	1594	1584,3012	649
1831	1373	1831,3131,3672	644
1493	1493		643
3998	4078		641
1607	3528		640
2257	2695	2257,2334	639
1194	3059		637
3194	3867	3194,3195	636
555	555		633
4364	4364		631
272	272		630
2213	1289		630
1295	3238		629
1551	4013	1767,2998	628
1831	3673	3131,3672	625
3327	3208	1090	624
67	2413	67,2265	623
854	854		621
1523	1523		620
417	4525	417	617
2134	2141	2135	617
822	822		614
1158	3032		614
210	4392	1865	610
1073	1073		609
1908	1811	274,1908	608
3410	204	200,2817,3410	608
262	483	262	608
2508	2898		607
2466	2466		604
2585	2594		604
321	4414	321,4704	603
2673	4802	2673	600
3993	4184		598
117	2375	117,1673	597
192	192		596
4132	4133		596
11	1497	11,1540	595
656	656		595
67	2265		592
2340	3053		592
4504	1375	362	591
262	1989	262	589
1524	1524		588
4336	4337	4336	588
2610	2610		588
442	442		588
2979	2979		588
11	2276	11,3305	586
1882	1882		585
129	2286		585
2991	3006		584
1111	3540	1583	584
13	1879	13,347	583
3616	3616		583
1295	3229		581
121	2025	121	580
184	184		578
2211	2232		578
1334	2951	1334	577
583	583		577
1534	2801		577
861	861		577
3885	3885		577
1093	3416	1093,1238	576
1831	2494	118,1831,2384,2495,3487	575
4105	4721	4639	575
11	2259	11,1497,1540	574
1871	4687	1871,2349	574
75	1321	75,1319	574
284	3968	284	573
3135	3135		573
1152	4117	1152	571
1572	3384		570
4776	4778		570
1780	1780		569
3992	3992		568
1961	1994	1961	567
843	843		567
56	1291	56	564
1295	3228		564
3597	3600	3310,3597	563
41	500	41	563
1612	1612		562
3461	3461		562
1027	3958	3962	562
2838	1019	2839	561
95	2635	95	559
189	3358	189,3357	557
3688	3688		556
4653	4653		555
13	1192	318,347	554
41	3030	41,500	551
2214	2214		550
353	352		550
2215	3832		550
2554	2557	2554,2555	549
1172	1172		545
363	363		543
587	587		542
1111	3533	1111,1583	541
2468	2429		540
1857	1858	1857	539
13	3350	60,347	539
513	46		538
3746	3746		538
245	249		538
837	837		535
1342	1342		535
1338	1338		535
1450	1450		534
1093	3922	475,1093	532
4440	4440		532
112	2235	2392	531
337	1362	1632	531
2449	469	2449,2450	530
337	3507	3646	530
3194	3140	3194,3265	529
2740	2740		529
1420	1420		528
1091	4224	1091,4219,4222	528
270	1178	270	527
1008	1008		526
4676	4674		526
13	1995	13,348	524
1821	1821		523
1612	3526	1827	521
3997	4064		521
1903	2256	1903	520
1513	1513		518
2001	2001		517
245	1505	597	517
337	3012		517
2585	2588		514
1551	3789		514
517	1229		512
3389	1233	3389	511
1286	135	1286	510
390	4096		510
32	3278	32	509
1831	2493	118,2384,2495,3487	509
431	431		508
1279	1279		504
1672	1672		504
1831	4808	118,1831	503
2216	1358	2216	502
1454	1454		502
1534	201	1546	501
1551	2548		501
1551	3398		500
330	43		499
481	1211	481	497
3258	1431	1419	497
1077	1077		496
1936	4004		496
1871	4686	1871,2349	495
1831	1363	1831,3131,3672	494
4545	4545		494
3750	3750		491
1871	3071		491
1295	3095	1295	488
1798	1798		485
1948	1948		484
2320	2777	2320,2763	484
2724	1704		484
4120	4120		483
1093	2354	1093,1238	482
4572	4572		482
1641	1646		482
2614	2614		482
262	2950	262	481
2921	2921		481
375	2983		481
546	546		480
2010	2009		480
2724	2731		479
590	590		478
4758	4759	4758	478
1831	1376	124	478
1908	2827	274,1763	478
3683	3683		475
2855	2855		473
4353	4353		472
2900	2900		472
4157	4160	4157	466
1551	2002	2930	466
254	1092	254	465
1551	1757	1551	465
4789	207	4789	464
1813	1813		464
1544	1617	1544	463
4758	1448	4758	462
41	3954	41,52	461
1027	3962	1027	460
285	4757	285,4712,4755	460
418	4644		460
2148	2155	2149	459
3194	3270	3201	459
190	1705		458
4710	4710		457
2015	2015		457
1549	1565	1549	456
88	205	88	455
1418	2963		455
270	4581	270,3136,3311	454
162	1457		454
2225	2225		453
2498	2498		453
2497	4529	2497,4196	451
2213	1638	1413	451
7	4729		450
	4707		450
1290	1252	1290	448
4123	4123		447
2627	2627		447
1529	4591	4568	447
1831	1831		444
365	365		443
4169	4169		443
1940	1940		443
321	4704	321	442
4129	4129		442
2083	2575	2083	442
1761	1761		440
4789	4827	207,4789	437
183	4271	183,1637	437
3194	4481	3194	436
1554	1411	1277	434
503	1609		433
1535	1117		432
285	4718	285,1846,4716	432
4362	4362		429
2585	2591	2585	428
1329	1329		427
1551	2931		427
110	2954	2618,3042	427
2744	2744		426
1348	1348		426
2978	2978		424
1822	2057	2056	423
75	1285		422
2134	2145	2137	422
3652	3652		421
2799	2799		420
2218	1367	2218	419
2795	4570		419
2049	1756	1755	418
2055	2055		417
1834	1834		417
1205	3381		417
1607	3528	1607	416
1091	3983		416
1551	2930		416
1908	3017	274,1908	414
3758	3758		414
1572	4623		414
13	1812	347	414
1903	1903		412
2720	2720		412
1758	1758		411
1785	1785		410
3491	3488		410
176	1106	176,1105	409
1194	3557		409
166	166		406
1146	3476		406
254	4669	2463	405
250	1149	250	403
1111	3531	1111,1583	403
15	1378		403
2213	3826		402
1551	1357	1551	400
13	1801	347	400
1808	1808		400
2586	2606		400
183	4271	1637	400
1343	1343		400
1310	382		399
563	563		398
3354	3354		398
573	573		397
245	3453	245	396
78	1227	78,2310	395
4441	4441		395
13	347		395
2220	1676	1139	395
3258	1429	1419	395
1862	1862		394
1182	1182		394
3194	3265	3194	393
3364	3368		393
13	4313	13,60,347	391
1800	1800		391
11	1696	11,215,1366	391
2795	4574	4570	391
2320	2767	2764	389
1612	1827		387
2908	2644		386
695	695		384
3327	1653	1090	383
1911	2424	1911	383
1115	4268		383
2397	2397		382
3410	3518	200,204,2817	382
32	62	34	381
1094	1094		380
408	3458	408,3457	379
2076	2076		379
1831	2229	124,1831	377
537	537		377
1080	1080		377
354	354		377
2333	2333		376
13	1441	60,347,394	376
1093	3626	1093,1238,3628	375
2571	2571		375
4695	4695		374
1283	502	1543	374
2903	2903		373
1093	4768	1238,3626,3628	372
4813	4813		372
2819	2819		371
2585	2592	2585	370
4467	4466		370
176	2787	176,2086	369
337	1138		366
110	1651		366
4468	4468		366
2896	2896		364
4378	4378		364
1445	516	1445,2194	363
2700	2700		363
1831	2230	124	363
308	4292	308	362
3436	3439		362
1544	2208	26	361
2213	3827		361
1550	1777		361
408	237	4781	360
35	4728	1099,2564	360
1111	2934	1583	360
539	539		359
3738	3718	3738,3740	358
4789	206	4789	358
32	2762	34	358
3194	3271	3201	358
78	2529	78,2310	356
3279	3279		355
176	4012	176,1105,4009	353
4450	4452	4450	353
4037	4037		353
3936	4177		352
1093	1659	1657	351
1604	3424		351
3993	4183		350
1572	3382		350
1551	3780	2738,3401	349
2449	2449		349
1286	137	1286	348
2586	2605		348
3567	1403	3567	347
1017	1017		347
1877	2423		343
941	941		342
1554	1410	1277,1554	342
1371	1371		341
1283	2048	1543	341
11	215	11	340
1831	3213	124,1831	339
1205	3072		339
429	429		338
1445	260	1445,2194	338
1671	1671		338
13	2403	60,347,1189,1224	338
1093	1662	475,1093	337
4105	4639		337
2645	2645		337
3440	3440		336
1341	1341		336
2148	2168	2153	335
1544	2209	26	334
3768	3768		333
1548	3000	1548	332
3455	1185	3455	332
4097	4226		332
2927	2927		331
3799	3799		331
337	1632	337	330
1310	380		329
75	1319	75	328
3194	3896		328
2933	2933		327
10	10		327
176	4699	176,1350	326
1112	1112		326
1552	2882		326
189	2316	189,2315	325
3981	3980	3981	325
1026	4521		325
548	548		324
2132	2133	2132	324
739	739		322
3087	3089	3087	322
1283	2502	1538	322
660	660		321
2366	2366		320
1551	3550		320
2892	2894		319
3981	3979	3981	319
2838	2841	2839	318
11	1599	1542	318
11	2262	1498,1540	318
129	2510	1292,2509	318
11	1500	1540	318
405	4055		317
1111	3532	1583,2934	317
1649	1649		316
4402	4402		316
1391	3003	3002	315
3409	1873	3409	314
78	2630	78,2310,2628	314
85	85		314
3491	1126	3491	314
11	2816	215,374,2094	314
4132	4132		313
176	4750	2565	313
3976	3977		313
4233	4234	4233,4308	312
1551	2877	1551	312
1712	1712		312
1831	1280	124	311
3808	1603	1133	311
2908	2643		311
2215	3832	2215	310
176	2514	176,487,1248	308
3491	3490		308
3261	3261		307
1034	1034		307
2667	2667		307
78	2631	78,2310,2628	306
2078	2078		306
129	2938	129,1661	305
408	4617	4616	305
324	1421		304
2236	2236		303
1370	1370		303
1295	3578		303
764	764		300
432	432		299
3065	3065		299
513	30		298
564	564		297
3624	3624		297
190	1708		297
1615	3503		297
2928	2928		297
2214	1685	1320,1683	296
4122	4122		296
3976	3976		296
41	52	41	295
112	2464		295
1091	3969	1091,4108	293
1551	2878	2871	293
2148	2166	2151	293
3392	1131		292
1508	1508		292
2679	2679		291
2704	2705		291
2219	3347	1344	291
11	1675	11,282,3305	290
11	3306	1540	290
4776	4777	4776	289
3410	2339	3410	289
3220	3220		289
358	2833	202,2569	289
1702	1702		289
1453	1453		289
4077	4077		288
3327	1328	1090	288
2484	3881		287
1158	3031	1158	286
2348	2196	2348	286
3258	1439	3258	286
408	3459	408,3457	285
2843	2845	2847	285
2486	2486		284
2219	3346	1344	284
11	3576	282,1675,3305	283
4456	2074		283
1550	3565		282
190	1707		282
2042	2126	2042	281
2792	2792		281
210	1865	210	281
2320	2778	2320,2763	280
717	717		280
337	3506	3643	280
112	2392		280
1823	1826		280
1717	1717		279
176	3009	487,1248,3008	279
1283	1770	1283,1543	278
2449	2450		278
3258	4305	1419,1428,3258	278
2892	2895	2892	277
4105	4638	4105	276
1933	1933		276
1544	1143	26,2209	275
2049	1755	2049	274
1693	4733	1693,3080	274
1691	1490	1691	273
329	329		273
585	585		272
4493	4493		272
1831	133	1831	270
78	2629	78,2310,2628	270
1679	1679		270
1630	3472	1630	269
408	3869	408	269
4097	4230		269
56	1144	56	269
1572	3383		269
3410	3517	200,204,2817	269
2215	1677	1405	269
1831	2434	124,1831	268
262	3544	262,338	268
408	3460	408,3457	268
1152	1152		268
151	1600		268
189	4398	1976	268
75	4161	75	267
2465	2465		267
2724	2732		267
1551	3547		267
4040	4067	4038	266
1152	4607	4117	266
1957	1957		265
99	4683	99,234	264
513	1021		263
1552	2881		263
921	921		262
1093	4252	475,1093,3922	262
176	2786	176,2086	262
1551	3782	1551	260
4095	4095		260
3723	3723		260
93	4668	93,2562,4001	259
11	2205	11,2105	258
1379	420	1379,1381	258
3199	3199		258
2042	1829	2042	257
2724	2727		257
1831	3978	124,1345,1831,3213	256
162	174	162,172	256
3018	3018		256
2449	1210		256
1507	1507		255
75	1921	75	255
11	3308	11,198	254
3215	3215		254
2796	2796		254
2320	2769	2320,2764	253
735	735		252
1295	3241		252
4105	4731	4105,4638	251
1534	2092	1546	251
1831	3675	124	250
358	2568	358	249
3194	4444	3194,4445	249
535	535		249
1512	1512		249
1665	1665		249
1125	1561	1560	249
270	3990		249
503	1250	503,1012	248
3807	1426		248
1091	3965	1091,3964	247
1615	1136	1615	247
2449	2451		247
162	169		247
324	1095	324	246
1693	3080	1693	246
2793	2793		246
411	3879		246
533	533		245
1449	1449		245
1926	452	1926	244
895	895		244
2288	2577	2288	244
1111	1738	1583	243
1869	1869		243
1831	3674	1831,3131,3672	242
513	214		242
405	4239	4056	242
2984	2984		242
1272	1274	1272	241
1272	1275	1272	241
1093	1165	1093	241
11	3048	11,215,1258,1366,1697,3049	240
210	1866	210,1865	240
542	542		240
2468	2468		240
427	427		240
189	1790	1731,1732,3684	240
1125	1774		240
4792	4792		239
699	699		238
2220	1676	1139,2220	238
262	1425		238
2586	2602	2586	237
782	782		237
2540	2540		237
1334	2518	1334	237
1111	2711	1583,2708,3678	237
574	574		236
3413	199	3413	236
4789	1639	485	236
1766	1754	2125	236
1766	1765		236
87	4206	87,2350	235
2586	2606	2586	235
358	2832	202,2569	235
2080	2080		235
637	1773	3819	235
4097	4798		235
1194	3058	1194	234
1668	4605		234
2212	28		233
503	1281		233
	4603		233
2320	2778	2763	232
4676	4678		232
1550	2456	1550	231
677	677		231
1295	3239	3238	231
3815	3814	3815	230
2781	2781		230
176	1248	176	229
1831	4809	118,1831,4808	229
1354	1354		229
7	1047		229
11	1541	11,1540	228
1551	3784	3782	228
151	1598	151	227
1125	1560	1125	227
3792	3792		227
189	4397	189,1976	227
1831	2436	1831,2433,3131	226
245	597	245	226
224	224		226
112	4511	112	225
2666	2666		225
1283	1284		225
1194	2974	3026	225
4652	4652		225
1550	1789	1550	224
3697	3697		224
1304	1304		223
1581	1582	1581	223
2442	2442		223
638	638		222
3491	3489	3491	221
2669	2669		221
2612	2612		221
4611	4611		221
3776	3776		221
1213	1374		221
2174	2174		221
183	1637	183	220
2449	1852	2449,2460	220
1158	3203	1158	220
1672	1197		220
2652	3523		220
2320	2772	2320,2766	219
11	3925	11,373,1498,1540	219
11	2094	11,215	218
2652	3524		218
3676	3676		217
2214	1404		217
568	568		216
2991	2992		216
375	4536	474,4534	216
1572	4771	4623	216
176	3538	1248,1251	216
2213	1414		216
1268	1268		215
4152	4543	4152	215
582	582		215
4515	4515		215
2586	3651	2606	215
513	515		214
1103	1103		214
1391	2505	59,1391	214
1161	1161		214
83	2638	83	213
2449	2453	2450	213
3426	3426		212
337	3588	3645	212
262	341	262	211
262	1423	262	211
378	378		211
285	4389	285	211
1093	3627	1238,3628	211
2449	4791	2452	211
3301	3301		211
3222	3222		210
2148	2158	2148,2151	209
1230	1230		209
1213	1915		209
4504	4504		209
1111	1583	1111	208
254	3338	254,1167	208
1093	1658	1093,1657	208
2220	4254	1139	208
32	3277	32	207
141	4610		207
2838	17	2838,2840	206
162	167	162	206
7	1045	7	205
2213	1643	1413	205
2049	4081	2049	204
2216	3844		204
112	112		203
4164	4661		203
396	396		202
3762	3762		202
2214	1299	1504,2214	200
1024	1024		200
901	901		200
4789	2087	485,4789	200
2530	2530		200
353	1221		200
1093	4512	1165,4684,4816	200
285	4719	285,1846,4716	199
1624	1624		199
2320	2777	2763	198
2234	2234		198
1544	1619	1544	197
3456	3456		197
1188	2251		197
3414	3414		196
11	2813	11,215,374,2094	195
517	1229	517	195
1550	1776	1777	195
129	2278	1292,2509	195
13	318	347	194
408	4619	408,4616	193
75	4531	75,1893	193
2663	2663		193
75	1978	75	193
1379	420	1381	193
3157	3157		193
2449	4253	2449,2450	192
154	154		192
1831	2123	118,125,1831,3487	192
4336	4338	4336	192
3061	3061		192
162	1456		192
2838	413	2840	192
578	578		191
270	2237	270	191
3209	3209		191
1572	4748	1572,4623	190
4118	4118		190
2113	2113		190
2082	2082		190
637	3259	3067,3822	190
1335	1335		189
3387	3387		189
262	333	262	188
1272	1273	1272	188
324	3322	324,1723	188
112	115	112,114	188
999	999		188
2545	2545		188
390	390		188
1550	3549		188
1908	1728	274	188
3327	2960	1090	188
1612	3525	1827	188
67	2563	67	187
1919	1919		187
1295	4495		187
67	1694	67	186
2838	2842	2839	186
2320	2320		186
13	2964	13,60,347,2965	185
1615	1759		185
2213	3827	2213	185
2449	4796	2449,3899,3924	184
2838	290	2838,2840	184
2660	2660		184
1551	2879		184
1612	3527	1827	182
2000	2000		181
392	2407	392,2307	181
2929	2929		181
262	495	262	180
4586	4586		180
3332	3332		180
270	3082	3081	180
3194	4445	3194	179
1616	1616		178
3108	3108		178
131	131		178
1544	4547	1617	178
4708	4709	4708	177
1093	1166	1093	176
13	4555	13,60,347,4313	176
430	430		176
262	1528	262,1989	176
1961	2250	1994	176
11	2206	2105	176
1535	1117	1535	175
4170	4170		174
525	525		173
112	2233	2392	173
1062	1062		172
1445	1104	1445,2194	172
4776	3947	4777	172
1295	4159		172
4585	4585		172
284	3602	284	171
1607	1607		171
2216	297		171
2586	2690	2605	171
81	4726	4724	171
2147	1628		170
1286	2697	135,2696	170
1544	1618	1544	169
15	3029	15,1378	169
1615	3502		169
1352	1352		169
2449	2454	2449,2452	168
1551	3494	1551	168
1391	465	1391,3002	168
4825	4825		168
2680	2745		168
3392	1399	1427	168
1831	3685	3677	167
189	3663	3357,3358	167
3216	3340	3217	167
189	4399	1976	167
129	2467	129,2286	166
1551	8	1551	166
4766	4766		166
3250	3250		166
637	3344		166
2843	2849	2846	166
3938	3938		165
1158	2089	1158	165
724	724		164
1567	1567		164
41	3955	41	163
1550	101	1550	163
176	1108	176,1105	162
285	4717	285,1846,4716	162
2537	2537		162
4649	4649		162
3190	3190		162
176	2559	487,1248	162
405	4059	4055,4237	162
2010	2009	2010	161
2585	2593	2585	161
490	4706	490	161
4079	4079		161
1721	1721		160
36	4613	36	159
2524	2525	2524	159
3413	3682		159
1093	1239		159
2219	2101	1355	159
503	386	503,1012	158
1550	3583	1550,2004	158
1831	3420	1831,3677	157
3194	3200	3194	157
1907	1907		157
1534	4109	1547	157
3631	3631		157
1615	3501		156
425	425		155
1578	1109	1578	155
13	4045	348,1995	155
1551	2999	1767	155
1602	1602		155
1604	1613	1604,3424	154
2651	356	2651	154
4105	4735	4105	154
2680	2030		154
3887	3887		154
3258	3257	1419,3258	154
121	2025		154
3327	3181	3180	153
1524	4347	1524,4348	153
13	4787	13,318,347,1162	153
1887	1887		153
336	336		153
56	1896	56	152
428	428		151
176	4576	176,487,1248	151
503	1282	503	151
1353	1353		151
1360	1360		151
411	3079	411	150
779	779		150
3410	1736	144	150
1551	1595		150
1470	1482		149
2724	2726		149
2257	2809	2257,2258	148
4052	4052		148
1871	4690	2349,4687	148
129	2511	129,1292,2509	147
74	1924	74	147
513	1020		147
2147	2249	1904	147
4496	4496		147
176	2611	176,2565	146
1817	1817		146
117	117		146
1194	3252	3026	146
2219	3848		146
2320	2768	2320,2764	145
11	2260	11,1498,1540	144
1831	122	118,1831	144
3413	203	199,3413	144
1470	1476		144
2724	2730		144
408	4696	408,4616,4617	143
2064	2064		143
3392	1131	3392	143
324	1463		143
3741	3721		143
1831	2437	2433,3131	142
1125	1559	1125,1555	141
75	1927	75	141
1111	3555	1361,1583	141
1551	3548		141
2147	1620	2147	140
129	2512	129,1292,2509	140
99	234		140
270	3311	3136	140
358	1532	149,2568	139
2215	3833		139
11	1501	1540	139
262	338	262	138
482	482		138
2037	2037		138
2546	2546		138
2213	4262	3829	137
1111	2996	1111,1361,1583	137
1550	3545		137
2843	2848	2846	137
13	271	13,318,347	136
536	536		136
1544	1627		136
2578	2578		136
2077	2077		136
1385	1385		136
2500	2500		135
95	2636	95	135
565	565		135
569	569		135
1434	1434		135
4380	4380		135
176	4701	1350	135
139	3698		135
2656	2656		134
1551	2871		134
1831	2913	118,1831	133
4097	4098	4097	133
2586	2689	2586,2602	133
579	579		133
846	846		133
684	684		133
235	1327		133
1204	3662		133
2148	2156	2150	133
1831	2432	124	133
4062	4062		133
2449	1145	1897,2449,2460	132
75	1287	1285	132
3914	3429		132
3392	1394	1427	132
2213	3829	2213	131
4198	4199		131
3410	4773	144	131
13	4316	13,60,347	130
80	4552	80	130
3632	3632		130
4116	4116		130
562	562		130
1551	2875	1551	130
3164	3164		130
1295	3243	3241	130
1286	136	1286	129
1864	2409	1864	129
284	1141	284	129
572	572		129
112	3295	112,116	129
1295	2985	3027	129
270	3081		129
490	4705	490	128
4079	4080		128
1093	3223	376,475,1662	128
3480	3478		128
1792	1792		127
110	2618	3042	127
3774	3774		127
4324	4324		126
3410	4763	3522	126
2449	3069	496	126
56	1714	56	125
1524	4071		125
2724	1703		125
2221	2221		124
1551	2906	1551,2875	124
2217	332	2217	124
176	3106	176,2086,3105	124
176	4000	281,1917	124
2214	1556	1504	124
1550	3581	2004,3583	124
405	4239	405,4056	123
2554	2556	2554	123
15	4519	15,4520	123
324	1726	1725	123
1286	2624	136	123
1551	4014	1767,2999	123
1831	3446	118,3444	123
3005	4181		123
248	248		123
2524	2526		123
375	474	375	122
637	3063	1773,3062,3819	122
11	2815	11,215,374,2094	121
1612	1827	1612	121
1027	3960	1027,3961	120
176	4578	176,487,1248,4576	120
4586	4587		120
2892	2893	2892	120
3878	3878		120
13	1588	60,347,2404	120
855	855		119
517	2024	2022	119
1550	3655	1550	118
1213	1916	1213	118
1194	3060	1194	118
3021	3021		118
1286	2698	135,2696	118
2743	2743		117
433	433		117
95	225	95	117
3808	1597	1133,3808	117
2340	3056		117
513	1021	513	117
2680	371	2030	117
3815	3817		117
2112	2112		117
141	4505	141	116
1152	2459	1152	116
9	9		116
1831	2122	118,125,1831,3487	116
859	859		116
2213	3826	2213	116
1391	2503	1391	115
337	1584	337,3012	115
1550	2874	1550	115
1072	1072		115
1204	3870	1204,3662	115
3152	3152		115
110	3039	110,255,1228	114
1418	1669	1418	114
2852	2852		114
395	4091	395	114
3194	4480	3194,4445,4479	114
112	2483		114
3873	3873		114
4681	4681		114
2428	2428		114
4776	2443	4779	114
3194	3205	3194,4446	113
3087	3088	3087	113
4789	4167	485,4789	113
3624	2905		113
1831	2075	118,125,3487	113
2468	2472		112
3364	3492		112
4383	4383		112
2147	1621	2147	111
11	2210	11	111
79	1402		111
1111	3541	1583,2934	111
414	414		111
4789	2378	486,4789	110
3410	3543	3410	110
2670	2670		110
994	994		110
2858	2858		109
1125	1555	1125	109
575	575		109
1551	4013	1551,1767,2998	109
15	3029	1378	109
1842	1842		109
2134	2170	2135	109
190	1706		109
4379	4379		109
1550	2051	1550	108
3194	3268	3201	108
1235	4175		108
129	2509	129,1292	107
2664	2664		107
1534	1937	2801	107
2991	2993	2991	107
637	3820	3822	107
337	3642		107
2213	3828		107
4457	4457		107
1078	1078		106
41	3956	41,3955	106
551	551		106
1822	2924	1822	106
4372	4372		106
2991	2990	2991	106
1295	2971	3027	106
513	387		105
3410	4775	144,3410	105
375	4667	375	105
3484	3486	3484	105
657	657		105
93	4002	93,2562,4001	105
1263	1256	1263	105
1551	1760	1551	105
1554	1554		104
408	4781		104
2752	2752		104
3914	3914		104
2067	4094		104
1550	2440	1550	103
2657	2657		103
4258	2626	4258	102
4434	4434		102
3406	3406		102
2908	2909	2908	102
4026	4026		102
1550	1781		102
284	4747	4744	101
3327	3184	3180,3183	101
408	1266	408	100
3327	3207	3180	100
324	1461	324	99
1630	3473	1630	99
637	3259	637,3067,3822	99
2991	2988		99
2081	2081		99
3480	3479		99
3690	3690		99
1604	3421		99
3327	1090	3327	98
384	1249	384	98
390	391	390,4096	98
1213	1913	1213	98
4124	4124		98
4766	4769		98
2134	2142	2135	98
2215	3831		98
1604	1968	3424	98
3809	3812		98
4629	4630	4629	97
2449	1088	2449,2460	97
661	661		97
3272	3272		97
1491	1494		97
3132	3133		97
4632	4633		97
1382	1382		97
2148	2162	2148,2153	96
1966	4259	1966	96
1093	376	475,1093,1662	96
117	1673	117	96
1111	3681	1583	96
3194	4446	3194	95
2838	2840	2838	95
1111	1737	1111	95
358	2569		95
4504	4084	362	95
1529	4569	4568	95
2216	3840		95
2219	3849		95
11	2365	11,2105	94
176	2788	176,2086,2786	94
1027	3961	1027	94
3410	3521	200,204,2817,3410	94
2757	2757		94
3767	3767		94
2214	1397		94
567	567		93
112	114	112	93
83	2639	83	93
1623	1623		93
1524	4072	1524,4066	92
4549	4549		92
668	668		92
1668	3198		92
2197	2197		92
112	1207	112	92
4766	4767		92
1551	3397		92
1572	4623	1572	91
2838	1019	2838,2839	91
4024	4065		91
1041	1041		91
2585	2587		91
110	2283		91
13	1813		91
1379	1381	1379	90
112	2038		90
250	2274	1149,1150,2273	90
112	1208	112,1207	90
2215	3187		90
2218	1407		90
503	1012	503	89
2213	1638	1413,2213	89
2449	3900		89
2658	2658		89
2740	2741		89
4198	4198		89
1550	2873		89
73	73		89
2585	2595	2585	88
414	3951	414	88
2320	2771	2320,2766	88
405	405		88
3327	3175	1090	88
	4557		88
1125	1557	1125	87
1831	156	118,1831,3487	87
1803	1803		87
2892	2894	2892	87
1026	4522		87
4132	4114		87
1491	1502	1491	86
337	3508	337,3642	86
559	559		86
2134	2139	2136	86
11	3574	11,282,1675,3305,3575	85
176	4577	176,487,1248,4576	85
4443	4443		85
117	2394	117,1267	85
1831	280	118,1831	85
1551	3788	1551	85
2681	2681		85
411	1010	411	85
210	4720	210	85
104	104		85
3385	3385		85
2823	2825		85
3221	3221		85
11	1849		85
162	4410	162,168,173	84
2103	2103		84
2783	2783		84
2795	4571	4570	84
4435	4435		84
513	46	513	83
2373	2373		83
2215	1677	1405,2215	83
353	352	353	83
284	4391		83
1551	3400	3401	83
1295	3027	1295	82
	462		82
1093	3989	1093,1238	82
	3865		82
1111	3535	1111,1737	82
775	775		82
3431	3431		82
3111	3111		82
148	148		82
2148	2165	2150	82
337	3646		82
2214	1406		82
13	1939	1813	82
1572	3384	1572	81
531	531		81
3194	4698	3194	81
1822	2925	1822	81
3471	3471		81
2991	2994		81
15	4519	4520	81
645	645		80
991	991		80
1876	2422	1876	80
1465	1465		80
915	915		80
4024	4289		80
1310	2519	382	80
2585	2589		80
1534	1294	2802	79
2022	2024	517,2022	79
2843	2438	1301,2843,2847	79
3132	4715	3132	79
833	833		79
637	3067	637,3822	79
2261	2261		79
3797	3797		79
3258	1439		79
1044	1044		79
1831	2088	1831	78
1534	1545	1534,2802	78
1283	2502	1283,1538	78
513	1007	46	78
1111	3534	1111,1583,2934	78
3876	3876		78
2942	2942		78
80	1856		78
2219	4251	1344	77
189	4400	1976	77
2462	2462		77
2399	2399		77
3410	1735	144,3410	76
390	4096	390	76
32	2761	32,34	76
2148	2166	2148,2151	76
3327	3176	1090,1328	76
284	4745	4744	76
13	1224	60,347,1189	76
176	3539	176,1248,1251	75
1787	1787		75
4208	4212	4208	75
2131	2130	2131	75
112	2235	112,2392	75
1612	3527	1612,1827	75
1551	2916	1551	75
2586	2604		75
4507	4507		75
2059	2059		74
2468	2041		74
270	2095	3136	74
3761	3761		74
3716	3716		73
183	4273	1637,4271	73
2215	1680	1405	73
1036	1036		73
517	2022		73
2215	1680	1405,2215	73
1263	1263		72
1612	3525	1612,1827	72
1534	1546	1534	72
11	3573	11,282,1675,3305,3575	72
522	522		72
1831	3672	1831,3131	72
4105	4637	4105	72
1065	1065		72
3130	3130		72
3775	3775		72
2134	2176	2173	72
110	1228		72
2449	2460	2449	71
2134	2141	2134,2135	71
162	1458	162,168,173	71
1026	4521	1026	71
151	3952	151	71
2368	2368		71
866	866		71
110	2954	110,2618,3042	71
513	1422	513	71
2468	2471		71
418	4697		71
532	532		71
1766	1462		71
1445	1110	1445,2194	70
3410	4774	2339,3410	70
1295	3236	1295	70
1806	1806		70
935	935		70
2586	2600		70
1615	3587		70
4359	4359		70
11	4135	1498,1540	70
2134	2143	2138	70
4192	4192		70
2680	2746	2680	69
4590	4590		69
3809	1647	1129,3809	69
4166	4166		69
558	558		69
1013	1447	1013	69
1111	2997	1111,1361,1583	69
513	30	513	69
2586	2603		69
110	1651	110	68
2320	2776	2320,2763	68
527	527		68
1283	2046	1283,1543	68
577	577		68
3299	3299		68
108	197	108,196	67
1322	4627	1322,2414,4624	67
324	1724	1461	67
4040	4067	4038,4040	67
4053	4053		67
757	757		67
2944	2944		67
3939	3939		67
4803	4803		67
552	552		66
1093	4684	1093,1165	66
2704	2707	2704	66
2661	2661		66
1867	1867		66
1283	2047	1543	66
505	4783		66
3536	3537		66
2758	2758		66
1534	2802	1534	65
3455	1184	3455	65
605	605		65
2523	2523		65
190	1709		65
2586	2601		65
1524	4085	4071	65
4776	3034	4776	64
369	143	369	64
345	345		64
1035	1035		64
1111	2711	1111,1583,2708,3678	64
2935	2935		64
216	241		64
4326	4326		64
331	3189	3188	64
1286	182	135,1286	63
245	1505	245,597	63
4504	4453	362,4504	63
83	2640	83	63
11	2255	1540,1541	63
2703	2703		63
1908	4423		63
2218	2218		63
2134	2172	2137	63
2382	2549		63
2164	2164		63
2214	2688	1683	63
3166	3166		63
411	3078	411	62
4164	4662	4164	62
4776	3947	4776,4777	62
570	570		62
1855	2558	1855	62
2468	2470		62
1871	4688	1871,2349,4687	62
3808	1133		62
2791	2791		62
1093	4666	475	62
1470	273		62
637	3818	3819	62
2759	2759		62
2449	4797	3899,3924,4796	62
11	1542	11	61
93	2326	93	61
1057	1057		61
176	2789	176,2086,2787	61
1550	3562	1550,1781	61
961	961		61
1551	4015	1767,2999	61
13	1192	13,318,347	60
405	4282		60
1831	2492	118,1831,2384,2495,3487	60
1630	3509	1630	60
517	2444	1229	60
110	2263		60
3996	3996		60
1550	3752	1550	59
2291	2291		59
337	3639		59
4741	4741		59
853	853		59
1093	4527	475,1093	58
3607	3607		58
2449	470	2449	58
839	839		58
1093	1240		58
405	4238		58
13	4320	13,60,347	57
337	1362	337,1632	57
1822	2057	1822,2056	57
1612	3526	1612,1827	57
129	4343	129,1292,2509,2510	57
2723	2723		57
408	3457	408	57
148	1130	1128	57
270	3075	270,2237,3074	57
2585	2590	2585	57
2211	2232	2211	57
2050	2050		57
3194	4609	4445	57
1604	3423	1604	57
2586	3651	2586,2606	57
655	655		57
1962	1962		57
2677	2677		57
3371	3371		57
1908	2826	274,1763,1810	57
2218	3837		57
1524	4090	1524,4071	56
524	524		56
3465	3465		56
2824	2824		56
1492	1495		56
1831	2385	118,2495,3487	56
1111	3678	1111,1583	56
2148	2160	2152	56
1766	2201	1766	55
1055	1055		55
2818	4636	2818	55
528	528		55
3913	3913		55
1033	1033		55
2214	1688	1320,1683	55
75	1285	75	54
1551	2738	1551,3401	54
162	2362	162,167	54
358	2833	202,358,2569	54
1534	1547	1534	54
696	696		54
513	515	513	54
1535	3855	478	54
405	4237	4055	54
815	815		54
2468	2430		54
324	1745	1744	54
3466	3466		54
2214	1288		54
337	1587	337,1584,3012	53
176	3009	176,487,1248,3008	53
2810	4561	2810	53
547	547		53
	0		53
250	2274	250,1149,1150,2273	53
2215	3402	1393,2215	53
644	644		53
2538	2538		53
1418	2963	1418	53
245	1998	245	53
2192	2192		53
1931	1931		53
2287	2417	2287	52
2585	2588	2585	52
1391	4559	2503	52
4648	4648		52
11	4135	11,1498,1540	52
13	2009	1813,2010	52
2220	1139		52
1544	4547	1544,1617	51
2680	2030	2680	51
176	1779	176,281	51
1194	3059	1194	51
324	3657	1725	51
1734	5		51
176	4295	2565	51
324	3324	1723,3325	51
1310	397	1310	50
3410	2817	3410	50
892	892		50
504	512	504	50
96	96		50
2724	2725		50
4132	4133	4132	50
3725	3725		50
1750	1750		50
1295	3242	3241	50
2134	2145	2134,2137	49
1544	2208	26,1544	49
503	1281	503	49
1445	1159	1445	49
2795	4575	2795,4570	49
2320	2774	2320,2765	49
358	1532	149,358,2568	49
235	3202	235,1327	49
727	727		49
324	1725		49
3704	3704		49
1535	3860	478,1535	48
2213	1289	2213	48
2214	1685	1320,1683,2214	48
4665	4665		48
1831	2435	124,1831	48
405	4055	405	48
1529	1529		48
1445	1124	1445	48
1837	1837		48
2257	2028	2257	48
1470	1479		48
1391	3003	1391,3002	48
4105	4721	4105,4639	47
3636	3636		47
3326	3326		47
2227	2227		47
2219	3850		47
2449	3070	496	47
2908	2907	2908	47
408	4618	408,4616	46
2147	1622	2147	46
11	3305	11	46
11	1499	11,1540	46
517	2444	517,1229	46
4766	4767	4766	46
679	679		46
831	831		46
3815	4782	3815	46
245	249	245	46
1080	1843	1080	46
1188	2251	1188	46
3495	3495		46
2468	2473		46
1551	2890		46
3736	3736		46
3327	3224	1090,2960	46
3392	1399	1427,3392	46
11	2814	11,215,374,2094	45
1085	1085		45
513	1525		45
1552	2883	1552	45
1554	1411	1277,1554	45
1125	1558	1557	45
1283	1543	1283	45
1027	3958	1027,3962	45
1550	1776	1550,1777	45
2795	4574	2795,4570	45
694	694		45
2073	2073		45
1535	4276	478	45
2991	2914		45
78	1225	78,2310	44
1061	1061		44
1093	3627	1093,1238,3628	44
3777	3777		44
405	4641	3986,4280	44
3463	3463		44
2134	2146	2137	44
3708	3708		44
3735	3735		44
3410	4772	144	44
1572	4771	1572,4623	43
2586	2604	2586	43
2214	1556	1504,2214	43
2554	2555	2554	43
3019	3019		43
3410	3519	200,204,2817,3410	43
3763	3763		43
1155	2779		43
358	2831	202,2569	43
3327	1653	1090,3327	42
1831	1223	118,1831	42
2148	2168	2148,2153	42
2213	4262	2213,3829	42
2320	2775	2320,2765	42
841	841		42
300	300		42
560	560		42
1668	3197		42
734	734		42
767	767		42
2508	2898	2508	42
797	797		42
1961	1964		42
2340	3054		42
1881	1881		42
1615	3504	1615	41
3993	4183	3993	41
176	487	176,1248	41
1536	1536		41
3706	3706		41
56	2240	56	41
2485	2485		41
1550	3584		41
3597	3596	3593	41
4693	4694		41
3916	3428		41
2991	2989		41
396	4092		41
1452	1452		41
2484	1231	2484	40
1734	2829	1734	40
1606	1575	1606	40
3944	3944		40
700	700		40
3936	4177	3936	40
2991	3006	2991	40
1951	1951		40
1980	1980		40
3710	3710		40
4373	4373		40
1551	3783	3782	40
2901	3580	494	40
405	4280		40
358	1533	149,2568	40
395	4087		40
3294	3294		40
1111	2715	1583,2710,3679	40
1111	3554	1583,3556,3680	40
284	4746	4744	40
112	116	112	39
1550	2872	1550	39
2027	2027		39
2941	2941		39
857	857		39
856	856		39
337	3645		39
1111	2713	1583,2709,3681	39
110	2694		39
1152	4607	1152,4117	38
580	580		38
189	2184	189	38
499	3882	499	38
360	360		38
3317	3318	3317	38
1551	3560		38
3916	3916		38
11	4101	1542	38
4789	4384	485	38
1093	3283	376,475,1093,1662	37
713	713		37
674	674		37
375	2983	375	37
1322	2254	1322,1326,2253	37
337	3507	337,3646	37
2215	3186	2215,3187	37
1551	3781	2738,3401	37
2371	2371		37
4776	366	4777	37
3194	3895		37
3436	3436		37
3327	4179	1090,2960,3224	37
1300	1300		36
337	1594	337,1584,3012	36
3808	3263	3808	36
4776	4778	4776	36
640	640		36
3410	3483	200,2817,3410	36
3808	1603	1133,3808	36
1027	3963		36
1297	1297		36
1886	1886		36
3624	3623		36
3705	3705		36
2218	3836		36
	3609		36
337	3643		36
1839	1839		36
11	1599	11,1542	35
3993	4184	3993	35
1059	1059		35
346	1271	346	35
7	2760	7	35
2724	1704	2724	35
2134	2170	2134,2135	35
217	2836	217	35
4236	4236		35
3712	3712		35
1470	1488		35
1194	2973	3026	35
2579	2579		35
1742	1742		35
2724	2729	2724	34
4450	4451	4450	34
13	3350	13,60,347	34
1049	1049		34
932	932		34
687	687		34
3413	3682	3413	34
2369	2369		34
842	842		34
1550	3582	1550,2004	34
411	4723		34
2468	2040		34
4097	4226	4097	34
1551	2998	1767	34
1838	1838		34
1058	1058		34
545	545		33
2468	2429	2468	33
3998	4078	3998	33
1908	2827	274,1763,1908	33
176	3008	176,487,1248	33
1295	3233	1295,3027	33
4676	4678	4676	33
358	358		33
2221	3083	2221	33
3219	3219		33
2213	1643	1413,2213	33
3327	3225	1090,2960	33
110	2619	3041	33
2148	2156	2148,2150	32
11	2191	11,198	32
2807	2803	2807	32
3809	3810	3809	32
1060	1060		32
665	665		32
4676	4674	4676	32
270	2959	270	32
2724	2732	2724	32
79	2337	79	32
513	214	513	32
750	750		32
176	4815	176,178	32
2068	2068		32
762	762		32
1459	1727		32
7	1046		32
2901	2901		32
4076	4076		32
3620	3617		32
3327	3208	1090,3327	31
2680	371	2030,2680	31
1155	2779	1155	31
529	529		31
669	669		31
996	996		31
1081	1081		31
557	557		31
1551	2548	1551	31
3194	3267	3201	31
262	339	262	31
513	387	513	31
1283	2048	1283,1543	31
11	1698	11,215,1366	31
2147	2248	1904	31
11	4100	1542	31
1111	3679	1583	31
75	1287	75,1285	30
1534	201	1534,1546	30
1871	3071	1871	30
4208	4215	4208,4212	30
1831	2912	118,1831	30
112	2464	112	30
819	819		30
1822	2056	1822	30
4489	4489		30
3194	3896	3194	30
1111	1741	1583	30
3461	3462	3461	30
1534	1937	1534,2801	30
4163	4163		30
3258	1440	3258	30
2586	2601	2586	30
1551	3559		30
2213	1847	3823	30
1111	2934	1111,1583	30
2219	4251	1344,2219	30
2361	2361		30
3327	3175	1090,3327	30
1551	3779	2738,3401	30
2977	2977		30
11	2262	11,1498,1540	29
1550	2517	1550	29
4198	4199	4198	29
632	632		29
648	648		29
736	736		29
1125	1807	1125	29
3436	3439	3436	29
1445	2198	1445,2194	29
543	543		29
3757	3757		29
2976	2976		29
4336	4340	4339	29
4306	4306		29
1535	3860	478	29
1194	3247	3026	29
3327	3329	3180	29
2668	2668		29
643	643		29
363	4562		29
3274	3274		29
3654	3654		29
1310	382	1310	28
13	4045	13,348,1995	28
4024	4289	4024	28
1529	4569	1529,4568	28
141	4610	141	28
1470	273	1470	28
912	912		28
4730	4730		28
1641	1646	1641	28
337	3506	337,3643	28
1981	1981		28
2049	1756	1755,2049	28
2215	3187	2215	28
1615	3503	1615	28
1868	1868		28
1091	4528		28
3597	3595	3593	28
637	1773	637,3819	28
1551	4016	1551,1767,2998	28
1451	1451		28
4737	4737		28
176	4011	1105,4009	28
1551	4153		28
1014	1014		27
1086	1086		27
13	1801	13,347	27
11	3575	11,282,1675,3305	27
658	658		27
176	2947	176,281,1779	27
1093	1164	475,1093	27
2586	2605	2586	27
2807	2807		27
2072	2072		27
1734	4424	1734	27
3637	3638		27
1831	1345	124,3213	27
1535	4277	478	27
3327	3182	3180	27
2221	3083		27
2215	3830	2215	27
2069	2069		27
2932	4691		27
4106	4732		27
719	719		27
13	1812	13,347	26
262	471	262	26
672	672		26
4099	4488	4099	26
664	664		26
337	3588	337,3645	26
4604	4604		26
1604	3422	1604	26
2586	2603	2586	26
1936	4006	4004	26
740	740		26
1091	4222	4219	26
1551	1595	1551	26
1740	1740		26
2469	2426		26
13	4082	347,1801	26
2212	28	2212	25
4660	4660		25
2320	2770	2320,2766	25
405	4282	405	25
620	620		25
99	4202	99	25
804	804		25
405	4056		25
3773	3773		25
3410	3518	200,204,2817,3410	25
3327	3207	3180,3327	25
3093	3093		25
3480	3479	3480	25
4132	4114	4132	25
1492	2244		25
1283	1284	1283	25
1111	1361	1583	25
513	1525	513	25
1835	1835		25
2049	1580		25
2940	2940		25
176	1107	1105	25
11	373	1498,1540	25
1551	3546		25
3327	1328	1090,3327	24
1831	1280	124,1831	24
513	1011		24
1939	1601	1939	24
13	4176	13,347	24
3976	3977	3976	24
129	2286	129	24
1093	1659	1093,1657	24
2724	2728	2724	24
4246	4246		24
1534	2801	1534	24
1551	2931	1551	24
1286	4272	135,182,1286	24
337	1138	337	24
1295	3232	1295,3027	24
1535	3856	478	24
2383	2383		24
81	4727	81,4724	24
1551	4014	1551,1767,2999	24
1550	2245	1550	24
2586	2600	2586	24
4516	4516		24
1470	3289		24
3327	4301	1090,2960	24
2586	2599		24
1840	1840		24
4498	4498		24
1831	3446	118,1831,3444	23
513	1020	513	23
2148	2155	2148,2149	23
162	2318	162	23
1093	4768	1093,1238,3626,3628	23
1115	4268	1115	23
659	659		23
992	992		23
541	541		23
1056	1056		23
1005	1005		23
1520	1520		23
1831	2493	118,1831,2384,2495,3487	23
1970	1970		23
4789	4334	486,4789	23
1954	1954		23
334	334		23
1111	1741	1111,1583	23
2795	4573	4570	23
358	2830	202,2569	23
2216	3841		23
2134	2171	2138	23
1470	1474		23
2340	3253		23
2134	2139	2134,2136	22
418	4644	418	22
1310	4657	397,1310	22
2449	4791	2449,2452	22
346	4579	346	22
1877	2423	1877	22
1908	1763	274,1908	22
3997	4064	3997	22
2468	2472	2468	22
513	519	513	22
830	830		22
2838	2841	2838,2839	22
1551	2550	1551	22
683	683		22
2134	2176	2134,2173	22
176	4000	176,281,1917	22
1470	1475		22
3808	1133	3808	22
2724	2734	2727	22
4182	4182		22
2226	2226		22
4137	4138		22
408	237	408,4781	21
1534	2231	1534,2801	21
358	2832	202,358,2569	21
637	2264	637,3067,3822	21
2445	2446	2445	21
176	3085	176	21
1831	3673	1831,3131,3672	21
3809	3811	3809	21
162	172	162	21
2843	2845	2843,2847	21
2652	3524	2652	21
1368	1191		21
11	3307	11,1542	21
1950	1950		21
11	3049	11,215,1258,1366,1697	21
1111	1738	1111,1583	21
1295	3226	2971,3027	21
189	1791	1731,1732,1790,3684	21
3875	3875		21
78	4786	2310,2311	21
4738	4738		21
3391	3391		21
4789	4335	486	21
117	2395	117,1267	20
1111	3532	1111,1583,2934	20
2724	2736	2732	20
2216	297	2216	20
3410	3517	200,204,2817,3410	20
4375	4375		20
4390	4406	4390	20
2320	2776	2763	20
1470	1472		20
637	3343	3344	20
2220	4263	1139,1324	20
1295	4495	1295	20
129	2513	1292,2509,2512	20
1295	2970	3027	20
955	955		20
1027	3966	3961	20
4567	4567		20
337	3640		20
3378	3377	3380	20
4614	4614		20
2214	1684	1683	20
3620	3619	3617	20
1075	1075		19
1205	3381	1205	19
32	2762	32,34	19
1310	380	1310	19
907	907		19
898	898		19
1668	4605	1668	19
1093	3033	1093,1657	19
1672	1197	1672	19
11	3306	11,1540	19
1551	3398	1551	19
598	598		19
1295	3228	1295	19
1831	3447	118,1831,3444,3446	19
176	4033	2565,4029	19
1534	2092	1534,1546	19
1958	1958		19
245	1999		19
176	4035	2565,4029	19
2134	2140	2136	19
1198	1198		19
2220	4265	1139	19
2219	3851		19
2148	2163	2153	19
2219	2120	1355	19
2049	1580	2049	19
2449	3068	496	19
2396	2396		19
4345	4345		19
1831	2230	124,1831	18
1535	3859	478	18
189	1790	189,1731,1732,3684	18
1286	2697	135,1286,2696	18
633	633		18
405	4281		18
989	989		18
1459	1459		18
11	1697	11,215,1366	18
337	3012	337	18
649	649		18
1952	1952		18
110	2618	110,3042	18
4789	4334	486	18
1630	3542	1630	18
1715	4393		18
3973	3973		18
1027	4049	3961	18
642	642		18
1551	4119	2738,3401	18
1831	1118	118,1831	17
2320	2773	2320,2765	17
681	681		17
2585	2594	2585	17
226	1883	226,227,228	17
723	723		17
4681	4682	4681	17
2724	2727	2724	17
2219	1344	2219	17
904	904		17
1111	3540	1111,1583	17
3994	3994		17
3741	3721	3741	17
3756	3756		17
4336	4341	4339	17
35	3666		17
1535	3859	478,1535	17
513	1007	46,513	17
3258	1440		17
1091	4221	4219	17
3724	3729	3742	17
230	230		17
1551	1147		17
3364	3367	3368	17
93	4770		17
3701	3622		17
3194	3269	3201	17
4599	4599		17
3154	3154		17
3327	3177	1090,1328	17
1544	2209	26,1544	16
4456	2074	4456	16
1470	1476	1470	16
4105	4639	4105	16
32	62	32,34	16
682	682		16
890	890		16
408	4617	408,4616	16
747	747		16
262	489	262	16
1083	1083		16
2724	1703	2724	16
117	3091	117	16
2838	2842	2838,2839	16
1283	502	1283,1543	16
3005	4181	3005	16
1391	4559	1391,2503	16
407	407		16
112	2233	112,2392	16
1615	3501	1615	16
349	4583		16
2294	2294		16
1390	1390		16
11	1695	215,1366	16
1948	2753		16
349	4249		16
3591	3591		16
631	631		16
862	862		16
2488	2488		16
3327	2960	1090,3327	15
1544	1627	1544	15
1076	1076		15
2213	1414	2213	15
2843	2848	2843,2846	15
1082	1082		15
707	707		15
1470	1471		15
15	1378	15	15
254	2539	254,1092	15
666	666		15
2215	3403	1393,2215	15
1831	4673	118,1831,3670,4296,4298	15
337	3013	337	15
889	889		15
11	3050	11,215,1258,1366,1697	15
1295	4158	1295	15
2468	2032		15
324	1725	324	15
2449	3900	2449	15
1158	3032	1158	15
162	3066	162	15
1552	2881	1552	15
3327	3184	3180,3183,3327	15
3754	3754		15
650	650		15
2675	2675		15
2134	2169	2136	15
1295	2968	3027	15
2220	1330		15
1222	1222		15
1125	1561	1125,1560	15
3464	3464		15
1152	4554		15
980	980		15
2215	3834		15
2214	1688	1320,1683,2214	15
4097	4798	4097	14
3392	1972		14
4504	1375	362,4504	14
1470	1482	1470	14
1050	1050		14
95	2329	95	14
148	1130	148,1128	14
3491	3490	3491	14
671	671		14
3194	3270	3194,3201	14
375	3280	375	14
162	169	162	14
112	2483	112	14
1322	4626	1322,2414,4624	14
616	616		14
1368	1190	1368	14
1604	3424	1604	14
2221	3028	2221	14
1295	3238	1295	14
4499	4499		14
2584	2613		14
513	4814	514	14
1551	4016	1767,2998	14
3327	3206	1090	14
1908	1810	274,1763	14
3724	3732	3743	14
3936	4722		14
1551	2890	1551	14
4382	4382		14
11	1170	215,1366	14
3713	3713		14
3769	3769		14
148	1203	1054,1128	14
1551	3401		14
503	1609	503	13
1048	1048		13
867	867		13
284	4745	284,4744	13
637	3820	637,3822	13
2214	1404	2214	13
737	737		13
1831	3448	118,1831,3444,3446	13
235	1327	235	13
1087	1087		13
3491	3488	3491	13
3410	4773	144,3410	13
2148	2159	2151	13
1775	1775		13
162	1456	162	13
1470	1489		13
1672	1196		13
405	4241	4240	13
395	4088		13
3709	3709		13
2586	2597		13
405	4185	4055	13
3997	4369		13
4740	4740		13
2853	2853		13
3113	3113		13
785	785		13
1831	3675	124,1831	12
3809	3813	3809	12
190	1705	190	12
1544	1143	26,1544,2209	12
2340	3053	2340	12
4024	4065	4024	12
905	905		12
893	893		12
803	803		12
913	913		12
1295	2971	1295,3027	12
405	4059	405,4055,4237	12
1066	1066		12
1551	2878	1551,2871	12
13	2620	13,60,347,1189,2402	12
1604	1968	1604,3424	12
1445	2194	1445	12
1295	3241	1295	12
909	909		12
738	738		12
1265	1265		12
189	3663	189,3357,3358	12
358	2569	358	12
4601	4601		12
3293	3293		12
1831	2522	118,2384,2494,2495,3487	12
13	3336	60,347,3335	12
988	988		12
162	171		12
1955	1955		12
331	3450	1102	12
3807	3807		12
331	1102		12
2461	2461		12
13	1938	1813	12
110	2263	110	12
3327	3181	3180,3327	11
2134	2172	2134,2137	11
262	1537	262,1989	11
1491	1494	1491	11
375	4536	375,474,4534	11
1091	3983	1091	11
324	1724	324,1461	11
324	1421	324	11
673	673		11
1283	1768	1283,1538	11
1551	2003	1551,2002,2930	11
3624	2905	3624	11
697	697		11
2489	2489		11
2147	2249	1904,2147	11
1908	2826	274,1763,1810,1908	11
1534	1294	1534,2802	11
2218	1681	1377,2218	11
4422	4422		11
349	349		11
1551	3547	1551	11
1027	3967		11
1534	4109	1534,1547	11
337	3647	3641	11
1535	3858		11
2067	4602		11
4826	4826		11
405	4245	4056	11
3193	3193		11
864	864		11
4447	4447		11
860	860		11
11	1848		11
637	3063	637,1773,3062,3819	11
1295	3240	3238	11
2218	1682	1377	11
4821	4821		11
110	2619	110,3041	11
1470	1474	1470	10
129	2278	129,1292,2509	10
2320	2767	2320,2764	10
3194	3271	3194,3201	10
405	4240		10
689	689		10
930	930		10
908	908		10
129	1605	129	10
1027	3967	1027	10
1000	1000		10
349	4583	349	10
927	927		10
1213	1374	1213	10
3696	3696		10
1002	1002		10
1295	3578	1295	10
1615	3502	1615	10
2823	2825	2823	10
95	4003	95,2329	10
176	4034	2565,4029	10
834	834		10
2217	2217		10
832	832		10
262	1531	1528,1989	10
2216	3842		10
4130	4130		10
2147	4795	1621	10
1529	4591	1529,4568	10
1153	1153		10
162	168	162	10
975	975		10
2300	2300		10
1550	3549	1550	10
3714	3714		10
3327	3177	1090,1328,3327	10
112	3296	116	10
3327	3185	3180,3183	10
3480	3478	3480	10
2221	3028		9
2724	2731	2724	9
405	4281	405	9
405	4237	405,4055	9
4789	1639	485,4789	9
1470	1479	1470	9
4039	4039		9
1550	3565	1550	9
3410	4763	3410,3522	9
2468	2470	2468	9
3292	3292		9
2991	2992	2991	9
1492	1495	1492	9
1831	2432	124,1831	9
1069	1069		9
324	1463	324	9
3216	3340	3216,3217	9
1550	1777	1550	9
1194	3557	1194	9
540	540		9
2290	2290		9
1551	351	1551	9
708	708		9
933	933		9
4248	4248		9
1111	2715	1111,1583,2710,3679	9
11	1500	11,1540	9
411	3879	411	9
3327	3225	1090,2960,3327	9
3327	3182	3180,3327	9
2134	2142	2134,2135	9
1125	1774	1125	9
967	967		9
1550	3545	1550	9
1932	1932		9
1194	2972	3026	9
1491	1752		9
2662	2662		9
2724	385		9
906	906		9
4247	4247		9
3734	3734		9
637	3064	1773,3062,3819	9
1091	4220	4219	9
1942	1942		9
3724	3731	3743	9
3470	3470		9
2724	2735	2732	9
1199	1199		9
4346	4346		9
4539	4539		9
4492	4492		9
2304	2304		9
544	544		9
777	777		9
1383	1383		9
2586	2598		9
1871	4689	2349,4687	9
4776	4779		9
2680	2193		9
2219	2101	1355,2219	9
3853	3321		9
3258	1089	1419	9
513	383		9
3392	1394	1427,3392	9
4439	4439		9
3327	4180	1090,2960,3224	9
1470	1488	1470	8
2134	2146	2134,2137	8
176	4035	176,2565,4029	8
1093	3223	376,475,1093,1662	8
2680	2745	2680	8
4079	4080	4079	8
4504	4084	362,4504	8
190	1708	190	8
7	4729	7	8
358	1533	149,358,2568	8
947	947		8
918	918		8
902	902		8
1204	3868	1204,2857	8
938	938		8
1068	1068		8
112	2392	112	8
190	1709	190	8
1027	4048	1027,3961	8
521	521		8
151	1600	151	8
1535	3854		8
13	3024	13,348	8
3020	3020		8
1093	4666	475,1093	8
1550	3581	1550,2004,3583	8
4789	4335	486,4789	8
3656	3656		8
2704	2705	2704	8
722	722		8
331	3908	1096	8
1551	4015	1551,1767,2999	8
2214	2688	1683,2214	8
35	3664		8
3077	3077		8
1551	2879	1551	8
1027	4048	3961	8
1470	1473		8
952	952		8
1612	3579	1827	8
910	910		8
849	849		8
1550	3563		8
639	639		8
662	662		8
3258	1436	1419	8
3258	1430	1419	8
3258	1433	1419	8
176	3538	176,1248,1251	7
1470	1475	1470	7
1027	4050	1027	7
1529	4568	1529	7
2468	2040	2468	7
848	848		7
2724	385	2724	7
1470	1487	1470	7
711	711		7
4766	4769	4766	7
4054	4054		7
523	523		7
881	881		7
1204	3662	1204	7
1551	3550	1551	7
1831	2437	1831,2433,3131	7
698	698		7
129	2510	129,1292,2509	7
1003	1003		7
2213	3828	2213	7
11	2816	11,215,374,2094	7
2288	2289	2288	7
2134	2175	2134,2173	7
816	816		7
1551	3783	1551,3782	7
1908	1809	274,1728	7
2449	4797	2449,3899,3924,4796	7
969	969		7
2991	2988	2991	7
80	2110	80	7
3711	3711		7
3391	3604		7
1961	1964	1961	7
148	1128		7
513	4814	513,514	7
2220	4264	1139,4254	7
11	4261	215,1258,1366,1697,3048,3049	7
1111	3554	1111,1583,3556,3680	7
			7
337	3505	3639	7
2822	2822		7
1961	2250	1961,1994	7
814	814		7
995	995		7
4040	4041		7
838	838		7
863	863		7
799	799		7
3760	3760		7
2216	2216		7
2061	2061		7
721	721		7
13	4260	60,347,2404,3441,4146	7
2401	2401		7
324	3661	1725	7
1470	3289	1470	6
395	4088	395	6
405	4238	405	6
1470	1486	1470	6
944	944		6
667	667		6
3364	3368	3364	6
922	922		6
1615	1759	1615	6
1766	1765	1766	6
2795	4571	2795,4570	6
1831	2522	118,1831,2384,2494,2495,3487	6
653	653		6
897	897		6
1551	2871	1551	6
1615	3587	1615	6
1831	3448	118,3444,3446	6
3194	4609	3194,4445	6
820	820		6
3410	1736	144,3410	6
1464	1464		6
513	1011	513	6
162	4412	162,168,173	6
3378	3375	3379	6
4586	4587	4586	6
678	678		6
1491	1993		6
2214	1406	2214	6
2213	1847	2213,3823	6
1379	2107		6
3191	3191		6
4588	4588		6
847	847		6
949	949		6
1470	1486		6
493	493		6
973	973		6
1435	1435		6
	3608		6
1908	2828	274,1762	6
2216	1298		6
2218	1407	2218	6
1551	4153	1551	6
2079	2079		6
3126	3126		6
2544	2544		6
1551	3561		6
637	3344	637	6
4127	4127		6
110	2283	110	6
110	2694	110	6
2147	4795	1621,2147	5
353	1221	353	5
1053	1053		5
1572	3383	1572	5
11	2255	11,1540,1541	5
1831	1376	124,1831	5
1286	2698	135,1286,2696	5
1286	2624	136,1286	5
1470	1485	1470	5
1470	1489	1470	5
1295	3229	1295	5
2468	2471	2468	5
176	4750	176,2565	5
3914	3429	3914	5
3835	3835		5
129	2513	129,1292,2509,2512	5
1093	4512	1093,1165,4684,4816	5
1572	3382	1572	5
2148	2163	2148,2153	5
2680	2193	2680	5
2148	2165	2148,2150	5
3807	1426	3807	5
183	4273	183,1637,4271	5
1111	3555	1111,1361,1583	5
1064	1064		5
2340	3054	2340	5
2805	2805		5
1783	1783		5
3392	1972	3392	5
337	3642	337	5
3022	3022		5
1295	4159	1295	5
176	4295	176,2565	5
710	710		5
917	917		5
1420	1417		5
1551	2998	1551,1767	5
2908	2644	2908	5
418	4697	418	5
1470	1487		5
1901	1901		5
3809	3825	3824	5
2704	2706		5
745	745		5
4606	4608		5
2148	2157	2150	5
670	670		5
968	968		5
807	807		5
2533	2533		5
743	743		5
3701	2033		5
718	718		5
4739	4739		5
818	818		5
1535	478		5
1947	1947		5
4663	4663		5
405	4244	4056	5
13	1441	13,60,347,394	5
3327	4256	3180	5
1734	5	1734	4
2270	2270		4
176	2559	176,487,1248	4
1524	4071	1524	4
139	3698	139	4
93	4770	93	4
1470	1472	1470	4
2449	1210	2449	4
1936	4004	1936	4
277	277		4
35	3666	35	4
1006	1006		4
1027	4049	1027,3961	4
1235	4175	1235	4
2838	413	2838,2840	4
2468	2430	2468	4
190	1707	190	4
924	924		4
2724	2726	2724	4
604	604		4
2148	2159	2148,2151	4
2585	2587	2585	4
284	4746	284,4744	4
3624	3623	3624	4
1551	3400	1551,3401	4
1751	1751		4
2740	2741	2740	4
1535	4277	478,1535	4
3327	3176	1090,1328,3327	4
2134	2140	2134,2136	4
3726	3726		4
1551	2999	1551,1767	4
35	3664	35	4
2220	4265	1139,2220	4
2220	4254	1139,2220	4
2220	4263	1139,1324,2220	4
3621	3614	3618	4
210	4392	210,1865	4
1470	1485		4
190	1706	190	4
2908	2643	2908	4
942	942		4
2469	2469		4
704	704		4
2214	1397	2214	4
3724	3730	3742	4
1831	2075	118,125,1831,3487	4
1111	3541	1111,1583,2934	4
1194	2986	3026	4
928	928		4
13	1964	1813,1961	4
1899	1899		4
1550	1781	1550	4
705	705		4
1470	1480		4
840	840		4
1194	2975	3026	4
688	688		4
287	287		4
730	730		4
759	759		4
776	776		4
652	652		4
3701	3701		4
405	4242	4240	4
929	929		4
957	957		4
958	958		4
3808	3808		4
2215	3834	2215	4
647	647		4
4137	4138	4137	4
262	1425	262	4
405	4243		4
2469	2477		4
3436	3438		4
2218	1682	1377,2218	4
513	383	513	4
3378	3374	3379	4
189	4398	189,1976	4
712	712		4
3309	3309		4
641	641		4
2220	4307	1139,1324	4
2220	4307	1139,1324,2220	4
1948	2753	1948	3
4776	366	4776,4777	3
3378	3375	3378,3379	3
1084	1084		3
176	4033	176,2565,4029	3
1310	2519	382,1310	3
284	4747	284,4744	3
1470	404	1470	3
1831	3685	1831,3677	3
4776	2443	4776,4779	3
2218	3837	2218	3
505	4783	505	3
4134	4134		3
408	4781	408	3
945	945		3
405	4056	405	3
2219	3850	2219	3
3327	4301	1090,2960,3327	3
11	3576	11,282,1675,3305	3
3853	3321	3853	3
4494	4494		3
2214	3287	1254,2214	3
411	4723	411	3
3748	3748		3
2724	2725	2724	3
1295	2985	1295,3027	3
3536	3537	3536	3
99	234	99	3
1213	1915	1213	3
2102	2102		3
13	318	13,347	3
337	3645	337	3
2215	3831	2215	3
11	1849	11	3
2901	3580	494,2901	3
1551	2002	1551,2930	3
1146	3476	1146	3
1091	4222	1091,4219	3
330	43	330	3
520	520		3
2520	2521		3
845	845		3
4501	4501		3
2586	2690	2586,2605	3
3327	3185	3180,3183,3327	3
732	732		3
1470	1478		3
3803	3803		3
3766	3766		3
375	4535	474,4534	3
729	729		3
1945	1945		3
851	851		3
2220	4266	1139	3
129	4564		3
13	3335	60,347	3
1841	1841		3
1674	4804		3
2652	3523	2652	3
998	998		3
972	972		3
2216	1719		3
701	701		3
703	703		3
2692	2692		3
741	741		3
621	621		3
4102	4102		3
4820	4820		3
11	373	11,1498,1540	3
337	3644		3
1535	4276	478,1535	3
15	4520		3
2219	3852		3
3389	3388	3389	3
990	990		3
2427	2427		3
1690	1690		3
3809	3812	3809	3
4417	4420		3
490	4514		3
3701	2034		3
1368	3433	1191,1368	3
11	3702	2105,2204	3
254	4669	254,2463	3
800	800		3
978	978		3
3917	3917		3
1592	1592		3
1831	2385	118,1831,2495,3487	2
395	4087	395	2
3378	3374	3378,3379	2
1368	1191	1368	2
2932	4691	2932	2
1908	4423	1908	2
358	2831	202,358,2569	2
270	3990	270	2
67	2265	67	2
3815	3817	3815	2
13	4556	13,60,347,4313,4555	2
2724	2734	2724,2727	2
1551	3784	1551,3782	2
2468	2473	2468	2
3620	3617	3620	2
2484	3881	2484	2
405	4245	405,4056	2
1604	3421	1604	2
324	1726	324,1725	2
3132	3133	3132	2
3127	3127		2
1551	3789	1551	2
324	3657	324,1725	2
608	608		2
778	778		2
3327	3206	1090,3327	2
2214	1288	2214	2
1194	2974	1194,3026	2
3194	3267	3194,3201	2
4632	4633	4632	2
245	1999	245	2
80	1856	80	2
216	241	216	2
2991	2914	2991	2
2134	2169	2134,2136	2
1551	3548	1551	2
3724	3732	3724,3743	2
1551	3780	1551,2738,3401	2
636	636		2
1551	2930	1551	2
79	1402	79	2
2586	2598	2586	2
1715	4393	1715	2
93	4001	93,2562	2
1027	3963	1027	2
358	2830	202,358,2569	2
3809	3825	3809,3824	2
3620	3619	3617,3620	2
3391	3605		2
4125	4125		2
1079	1079		2
1936	4006	1936,4004	2
1027	4050		2
1470	404		2
3258	1432	1419,3258	2
2469	2479		2
1295	3243	1295,3241	2
2854	2854		2
1470	1481		2
3275	3275		2
270	3081	270	2
891	891		2
763	763		2
2586	2599	2586	2
872	872		2
3883	3884		2
3997	4369	3997	2
2066	2066		2
337	3639	337	2
2214	3288	1254	2
75	4172	4173	2
3874	3874		2
1295	2969	3027	2
1514	1514		2
13	4556	60,347,4313,4555	2
1535	3857	3854	2
751	751		2
2215	3833	2215	2
3258	1431	1419,3258	2
3327	4256	3180,3327	2
1535	3855	478,1535	2
81	4725	81,4724	2
3701	2033	3701	2
3262	3262		2
2148	2167	2148,2152	2
3894	3894		2
651	651		2
2586	2597	2586	2
1784	1784		2
1368	3433	1191	2
4097	4230	4097	2
4462	4462		2
2214	3287	1254	2
1908	1762	274,1908	2
3144	3144		2
617	617		2
4703	4703		2
2296	2296		2
2751	2751		2
1815	1815		2
720	720		2
2220	4266	1139,2220	2
3258	4304	1419,1428,4299	2
2901	2580	494	2
189	1791	189,1731,1732,1790,3684	1
1470	1471	1470	1
349	4249	349	1
2067	4094	2067	1
11	1695	11,215,1366	1
405	4280	405	1
1194	3252	1194,3026	1
13	3025	13,348	1
1492	2244	1492	1
1470	1478	1470	1
1026	4522	1026	1
2219	3848	2219	1
2147	1628	2147	1
1491	1752	1491	1
686	686		1
11	1170	11,215,1366	1
3327	3329	3180,3327	1
791	791		1
2340	3056	2340	1
1194	2972	1194,3026	1
1491	1993	1491	1
270	2095	270,3136	1
3378	3377	3378,3380	1
7	1046	7	1
1194	2973	1194,3026	1
1908	1809	274,1728,1908	1
3410	4772	144,3410	1
189	4399	189,1976	1
1551	3559	1551	1
270	3311	270,3136	1
2147	2248	1904,2147	1
1551	3546	1551	1
11	4261	11,215,1258,1366,1697,3048,3049	1
3724	3730	3724,3742	1
835	835		1
625	625		1
1871	4689	1871,2349,4687	1
148	1128	148	1
324	3324	324,1723,3325	1
337	3646	337	1
1091	4221	1091,4219	1
1091	4220	1091,4219	1
2806	2806		1
2843	2849	2843,2846	1
1908	1810	274,1763,1908	1
1551	3560	1551	1
3916	3428	3916	1
2468	2032	2468	1
2468	2041	2468	1
324	1745	324,1744	1
3621	3614	3618,3621	1
1295	3239	1295,3238	1
4765	4765		1
	3629		1
1535	3854	1535	1
262	340	262	1
754	754		1
1941	1941		1
2617	2617		1
1946	1946		1
1944	1944		1
1943	1943		1
3194	3895	3194	1
4103	4103		1
11	2206	11,2105	1
2070	2070		1
3410	3493	3543	1
1470	1484		1
795	795		1
1111	2713	1111,1583,2709,3681	1
692	692		1
4024	4288		1
950	950		1
770	770		1
2717	2717		1
868	868		1
690	690		1
84	4303		1
774	774		1
4019	4019		1
948	948		1
75	4172	75,4173	1
1551	3781	1551,2738,3401	1
2449	4218		1
870	870		1
2468	3119		1
3141	3141		1
3872	3872		1
1004	1004		1
1535	3857	1535,3854	1
4024	4598	4065	1
3997	4063		1
93	4509		1
971	971		1
3997	3995		1
2305	2305		1
3689	3689		1
769	769		1
162	1457	162	1
2267	2267		1
3910	3911		1
3941	3941		1
1420	1417	1420	1
3703	3703		1
1831	3444	118	1
4589	4589		1
375	4535	375,474,4534	1
626	626		1
1524	2116		1
3139	3139		1
2808	2808		1
3634	3634		1
1093	1239	1093	1
2367	2367		1
13	3441	60,347,2404,4146	1
2449	3069	496,2449	1
2468	3120		1
4592	4592		1
4430	4431		1
1871	4690	1871,2349,4687	1
2724	2730	2724	1
3364	3492	3364	1
3194	3266	3201	1
3877	3877		1
1368	3432	1191	1
405	4641	405,3986,4280	1
2469	2478		1
3985	3985		1
2217	1720		1
1295	3240	1295,3238	1
2219	2120	1355,2219	1
1111	1361	1111,1583	1
654	654		1
11	1380	2276,3305	1
746	746		1
3800	3800		1
1524	4085	1524,4071	1
3327	4302	1090,2960,4301	1
2520	2520		1
129	2856	129,2286	1
4776	4779	4776	1
2704	2706	2704	1
112	2038	112	1
1831	3447	118,3444,3446	1
3364	3369		1
2148	2167	2152	1
801	801		1
3153	3153		1
603	603		1
592	592		1
287	4597		1
1365	1365		1
3993	3993		1
1956	1956		1
1949	1949		1
760	760		1
110	3040	1228	1
4270	4270		1
3792	3794		1
2301	2301		1
628	628		1
875	875		1
758	758		1
571	571		1
615	615		1
798	798		1
827	827		1
2219	3347	1344,2219	1
2219	3346	1344,2219	1
926	926		1
780	780		1
4137	4137		1
3945	3945		1
1519	1519		1
3991	3991		1
772	772		1
4631	3863		1
2220	4264	1139,2220,4254	1
13	3335	13,60,347	1
