kingdom	superclass	class	subclass	direct_parent	rows
0	264	265	13	2309	1878192
0	264	265	13	60	1261686
0	2448	2341	2341	2341	1257993
0	2448	2279	31	31	1213222
0	4707	278	2449	3899	1104447
0	2	436	87	2019	935041
0	2	218	2336	2336	898748
0	264	265	13	1878	880222
0	4603	323	1831	4298	844969
0	2448	2279	285	4712	802331
0	2448	2341	138	138	789791
0	2448	2279	285	4713	774474
0	2448	2279	285	285	772003
0	2448	2279	185	185	750486
0	2	2389	189	1984	695421
0	4707	278	2449	3901	671976
0	2	294	294	294	592161
0	4	1202	4631	4631	569415
0	2448	2279	35	1100	565613
0	2448	2279	38	38	552821
0	264	265	13	394	537442
0	264	265	13	348	520859
0	2448	23	23	23	512834
0	2448	2279	369	369	509736
0	2448	2279	1935	1935	506946
0	2448	2279	176	1350	488311
0	2448	2279	176	178	467851
0	2448	2279	4551	4551	465371
0	2448	2279	2279	2279	458665
0	2	436	99	3314	457530
0	2448	2279	4113	4111	456906
0	2448	2279	41	41	455750
0	2448	2279	36	36	446519
0	2448	2279	176	4361	439505
0	2448	2279	2811	2811	428411
0	2	195	303	303	427564
0	2	4788	4789	485	427337
0	264	265	13	1189	414648
0	4603	323	254	2463	408245
0	261	253	253	253	404673
0	2448	2279	2363	2363	396716
0	2	436	78	2327	390820
0	2	311	311	311	374848
0	2	89	2317	2317	371513
0	2	2389	189	3359	362733
0	2448	2279	4155	4155	360193
0	2	195	335	335	336993
0	2	195	195	195	336349
0	264	265	1093	4817	328639
0	2448	2279	176	179	316925
0	2	195	3087	2622	316059
0	2	2020	2020	2020	305041
0	2448	2279	186	188	304891
0	2448	2279	35	2564	303785
0	2448	2279	35	1099	290347
0	2	1253	1253	1253	285222
0	2	1253	2348	2348	282328
0	264	265	13	4321	272816
0	2	436	1822	4354	271591
0	2	301	301	301	252511
0	2448	2279	321	4110	251503
0	2448	2279	2542	2542	250607
0	2	296	296	296	246213
0	264	265	13	1880	245543
0	4	1202	4631	3864	240704
0	4603	323	254	128	238436
0	12	3909	324	324	237760
0	2	90	2257	2334	237655
0	2448	2279	176	3469	233038
0	2448	48	48	48	228165
0	12	259	1549	51	221812
0	2	1346	75	2308	217170
0	264	265	13	4322	209581
0	261	476	2810	2810	205454
0	2	2389	189	1976	204890
0	2	211	211	211	203426
0	12	175	3815	1135	200648
0	2	328	328	328	200520
0	2448	2279	176	3099	200184
0	2	2955	2955	2955	200040
0	2448	27	27	27	199086
0	2	211	4197	4197	198169
0	2	2699	2702	2702	197956
0	12	259	1549	1564	197892
0	2	1253	56	1716	195820
0	2448	2279	176	3100	194817
0	2448	2279	36	4671	192353
0	2	1346	75	1262	190662
0	2	107	392	370	189398
0	2448	2279	1091	1091	189089
0	2	89	1322	2253	187888
0	2	195	1974	2411	187230
0	2	436	95	2634	185431
0	2	89	89	89	184576
0	2	436	111	306	178215
0	2	123	3410	3410	177947
0	4707	278	3282	3282	177407
0	2	436	83	4342	176571
0	2	89	1322	2414	176354
0	264	265	13	2404	173758
0	2	89	1322	1326	171840
0	2448	2341	4670	4670	171351
0	2	89	283	283	171181
0	2	195	1974	2312	170958
0	2448	2279	31	1925	168944
0	2	97	2017	2018	166725
0	2448	2279	1097	1097	165889
0	261	476	476	476	165600
0	2	4788	4789	2314	165074
0	2	436	95	2637	162807
0	2448	2279	4233	4233	161901
0	2448	2279	185	4204	161580
0	2	1859	1859	1859	159844
0	264	265	13	4314	159004
0	2448	2279	284	284	158169
0	2	130	130	130	155754
0	2	2012	2012	2012	154409
0	2	1253	1715	1715	151606
0	264	265	13	2402	151245
0	12	3909	331	1096	149608
0	4707	278	2449	3924	149574
0	2	4788	4789	486	148783
0	2	211	2013	2014	148337
0	2448	2279	1530	1530	147411
0	2	1819	2496	4749	146603
0	2448	2279	35	1098	145774
0	2	4189	4189	4189	145351
0	2	89	1322	1322	145168
0	264	265	13	4830	144576
0	2	211	2497	4196	141289
0	4707	278	2449	3902	138837
0	261	1645	1645	1645	138535
0	4603	323	1831	3671	137486
0	2448	2279	1091	4518	136827
0	2448	2279	176	3098	134371
0	2	1396	1437	1437	134334
0	2448	2279	120	120	133169
0	3630	3631	1152	4612	133052
0	2	107	392	392	131788
0	4707	278	2449	2228	130762
0	261	145	145	145	127714
0	2	1346	75	1893	127684
0	2	1396	1396	1396	127025
0	2	211	2497	2497	126198
0	4707	278	2674	2674	124781
0	2	1443	1443	1443	123039
0	2	1253	53	53	122583
0	4707	278	2449	2239	122423
0	2	1346	75	291	121163
0	2	1819	2496	1820	120953
0	2448	2279	176	1917	120199
0	2	312	4293	4293	118012
0	2	91	2335	2335	117815
0	2448	20	20	20	117415
0	2448	2279	417	417	114800
0	2	211	210	210	114236
0	2448	2279	2980	2980	114187
0	2	89	1861	1861	113746
0	2	294	330	330	113501
0	2	1253	2553	2553	112297
0	2448	2279	176	176	111967
0	2	2389	189	3357	111646
0	2	218	3449	3449	111300
0	264	4434	270	1585	110410
0	2	123	3410	144	110130
0	2448	2279	285	1846	109403
0	2	89	2006	2006	109359
0	2	211	2013	2013	108959
0	2	1346	74	4147	108763
0	2	436	99	3315	107767
0	2	436	87	87	106432
0	12	259	1550	1550	103853
0	4603	323	1831	4297	101621
0	2	4144	4144	4144	101613
0	2	1629	80	80	101575
0	2	436	95	2008	100889
0	2448	2319	2319	2319	100580
0	12	256	3389	1233	99871
0	2448	2279	37	37	99839
0	2	211	1146	1146	98530
0	2	1967	1967	1967	96746
0	264	265	13	4329	96097
0	2448	2279	186	186	94055
0	261	2650	2651	2651	92768
0	2	302	302	302	92462
0	2	2566	2566	2566	91940
0	2	307	307	307	90535
0	2	436	78	2311	90442
0	261	476	1391	59	89730
0	261	476	3480	3480	89633
0	264	265	13	4310	89252
0	2448	2279	176	2565	89144
0	2448	2279	14	14	88938
0	2	314	314	314	88776
0	2	89	326	326	88472
0	2	97	3482	3482	88306
0	261	2551	2551	2551	87512
0	2	213	213	213	86582
0	2	344	344	344	84515
0	2	293	293	293	84464
0	2448	2279	4714	4714	84421
0	4603	323	254	4472	84142
0	4603	323	129	1661	83920
0	2	4788	1857	1857	83907
0	2	97	2017	2017	83415
0	2	436	99	99	83186
0	2448	23	1871	2349	83083
0	2	89	4152	4152	83037
0	2	436	95	2007	82987
0	2448	134	190	190	81700
0	2	1797	245	247	81540
0	2448	2279	187	187	81534
0	2	2566	2054	2054	81514
0	12	3909	262	3086	80963
0	2448	2279	285	4756	80952
0	264	265	13	2403	80417
0	4603	323	254	1167	79291
0	2	309	309	309	79287
0	4707	278	2449	2457	79276
0	2448	2279	176	1992	79009
0	2	1346	75	342	78688
0	264	265	13	1879	78658
0	2448	4524	4524	4524	77641
0	12	259	1553	1553	77003
0	2	2491	250	2547	76727
0	2	1346	75	1321	76542
0	2448	2279	4208	4209	74936
0	2448	2279	1091	3964	73062
0	2448	2279	284	3999	72921
0	2	97	3481	3481	72797
0	2	89	3970	3971	72665
0	2448	2279	2980	2981	72345
0	2	218	1903	2256	71274
0	2	195	335	2621	70597
0	261	64	64	64	70007
0	3297	3298	3298	3298	69988
0	2	89	3317	3319	69839
0	2448	2279	355	355	69057
0	4603	323	129	2647	67866
0	12	3909	324	3322	67787
0	2	218	3023	3023	67625
0	2	1253	53	4537	67468
0	264	265	13	1995	67393
0	12	3909	1334	1334	67044
0	2	218	1903	2416	66886
0	264	265	346	346	66729
0	2	4788	4789	209	65533
0	2	305	4390	4390	65286
0	264	265	1093	1663	64427
0	2	304	304	304	64304
0	2	2491	250	2273	63368
0	261	3467	3467	3467	62980
0	264	265	13	4831	62914
0	12	257	3258	3258	62578
0	2	123	3410	200	61880
0	2448	2279	32	4309	61492
0	12	3909	1766	3861	61478
0	2	295	4097	4097	61072
0	2	319	319	319	61048
0	2	195	3087	3090	60114
0	2	436	95	2635	59939
0	2	2920	2923	2923	58423
0	264	265	13	1961	58345
0	2448	2279	176	2515	58341
0	2448	2279	176	2948	58165
0	12	259	1551	1551	58165
0	261	3467	1630	3474	57941
0	2	1346	74	208	57876
0	2	1253	2552	2552	57673
0	2	107	392	2307	57440
0	2448	2279	1091	4517	57108
0	264	265	2966	2966	56389
0	2448	2279	321	321	56382
0	264	265	13	4143	55412
0	2448	25	25	25	55371
0	2	160	162	170	54526
0	2448	2279	176	4413	54399
0	2	89	4708	4708	54165
0	2448	18	18	18	53771
0	2	302	1973	1973	53748
0	2448	2279	1814	1814	53659
0	2	2566	54	54	53292
0	2	211	183	183	53081
0	264	265	13	1224	52937
0	264	265	13	4330	52933
0	2	195	2357	2357	52085
0	2448	2279	4742	4742	51754
0	2	1346	67	2085	50634
0	4603	323	11	2207	50466
0	462	1370	3194	4479	50072
0	4	1157	505	505	49773
0	2	1819	127	127	49519
0	2	89	2224	1160	49488
0	4603	323	1831	118	49242
0	2	2389	189	2516	49059
0	2	1253	2553	2252	48897
0	2	1253	4403	4008	48674
0	2	436	87	2350	48029
0	2	295	295	295	47650
0	264	265	1986	1986	47185
0	2	98	1693	4734	47065
0	2448	2279	41	500	46608
0	264	265	13	1162	46480
0	1392	1610	1610	1610	45580
0	267	2866	1029	1029	44677
0	2448	2279	4155	1845	44380
0	2	211	2013	2406	44342
0	12	3909	262	2949	44219
0	4603	323	129	1670	43971
0	261	476	2504	2504	43751
0	2448	2279	2673	4802	43661
0	2	436	87	4206	43266
0	267	2866	1030	1030	43211
0	264	265	13	4146	43064
0	2448			2448	43060
0	2	218	218	218	43030
0	4707	278	2449	1897	42343
0	2	1253	1908	274	42303
0	279	492	492	492	42140
0	2448	18	151	151	42127
0	12	259	1549	1563	42088
0	2	123	3410	3522	42086
0	4707	278	2449	2458	41685
0	2	211	2497	3214	41676
0	2448	2279	176	3105	41646
0	2	315	315	315	41439
0	2	97	2017	2419	41428
0	2448	2279	176	3097	41395
0	264	265	1093	1664	41314
0	2	211	1213	1914	40722
0	2	1346	75	2415	39759
0	2448	2279	176	281	39692
0	2448	23	2044	2044	39657
0	2448	23	2441	2441	39578
0	2448	2279	4208	4210	39575
0	2	1346	75	75	39534
0	2	2491	250	2282	39459
0	2448	2279	33	33	39267
0	2	89	4708	4709	39191
0	2	233	233	233	39013
0	264	1813	2010	2010	38796
0	2448	2279	4632	4632	38488
0	4603	323	11	282	38144
0	2448	23	1871	2421	38124
0	2	1346	75	2222	37678
0	2	1346	67	1694	37499
0	2	1346	75	1319	37274
0	12	259	1549	1401	36944
0	1392			1392	36911
0	264	4434	270	1179	36778
0	2448	2279	176	1318	36766
0	2	160	162	173	36742
0	2448	2279	176	2346	36623
0	2448	2279	113	113	36535
0	4707	278	375	375	36521
0	12	3909	1722	1722	36423
0	12	258	3568	1467	35945
0	2	1859	4417	4417	35665
0	2	89	3972	3972	35081
0	2	211	1290	1290	35074
0	289	479	479	479	34826
0	279	1140	1140	1140	34755
0	261	1631	1631	1631	34687
0	2	1729	1729	1729	34665
0	2	2389	189	2410	34609
0	4603	323	11	2204	34031
0	2	436	83	2641	33980
0	2	305	4387	4387	33916
0	264	265	13	4323	33677
0	2837	4475	4622	4622	33488
0	2	90	2257	2257	33346
0	264	265	13	4148	33203
0	4603	323	11	198	33191
0	2	2389	189	3358	32967
0	4603	323	11	4165	32905
0	12	258	1691	1691	32901
0	2	1799	1799	1799	32772
0	12	258	3569	1468	32587
0	264	265	1093	1238	32582
0	2448	23	3597	3599	32236
0	12	259	1283	1283	32186
0	2448	134	4647	4647	32183
0	2	89	3970	4532	31766
0	264	265	13	4317	31650
0	2448	21	21	21	31563
0	2	123	3411	3411	31345
0	2448	2279	176	2347	31250
0	4603	323	11	1696	31176
0	12	175	3815	3814	30610
0	4603	323	11	1540	30416
0	4603	323	129	1292	30362
0	2	1894	1894	1894	30227
0	2448	2279	1091	4223	30210
0	264	364	517	517	29649
0	4603	323	1831	4325	29628
0	2	76	4758	1448	29604
0	2448	27	1151	1151	29423
0	261	147	147	147	29244
0	12	3909	324	3417	29080
0	2	97	1936	4005	28789
0	261	3405	3405	3405	28696
0	2	76	4758	4805	28266
0	4707	278	4504	362	28247
0	2448	2279	2099	2099	28113
0	2448	2279	176	2345	27855
0	2	1797	245	3454	27629
0	12	259	1549	1549	27505
0	462	1370	3194	3196	27389
0	2	1884	2288	2288	27293
0	2	50	1245	1245	27292
0	2448	2279	32	32	27218
0	2	76	4758	4759	27166
0	2448	2279	1091	4224	27044
0	4707	278	2449	469	26906
0	2448	2279	35	1101	26775
0	2448	2279	41	1892	26358
0	264	265	13	4312	26343
0	2	436	78	2629	26247
0	2448	134	4646	4646	26206
0	12	256	256	256	26144
0	2	1910	1910	1910	26102
0	2	301	15	15	26066
0	2448	2279	4208	4211	25922
0	12	3909	513	514	25800
0	2	317	317	317	25497
0	2	2389	189	189	25465
0	12	3909	262	1989	25379
0	2	2021	2021	2021	25305
0	2	436	1822	2924	25302
0	2	2834	2834	2834	25300
0	2	2389	189	2316	25277
0	2	195	1581	1581	25184
0	12	256	2213	1408	24984
0	4603	323	11	2203	24845
0	2	1253	4403	4403	24816
0	4707	278	2449	1852	24796
0	2	1346	67	67	24660
0	2	69	69	69	24637
0	2	2955	2956	2956	24393
0	2	3886	3886	3886	24153
0	2	211	1753	1753	24121
0	2	1634	1634	1634	23881
0	4707	278	2449	4253	23710
0	2	3370	3370	3370	23449
0	2448	23	3597	3598	23275
0	12	259	2049	2358	23254
0	2	102	2200	2200	23165
0	2	436	78	1227	23141
0	2	1346	74	74	22936
0	2	436	99	4683	22916
0	267	1517	1517	1517	22896
0	12	256	2215	1393	22858
0	462	1370	3194	3140	22844
0	2	436	81	81	22785
0	12	258	1460	1460	22777
0	2448	2279	2673	2673	22660
0	264	1813	1961	1961	22610
0	279	58	58	58	22571
0	12	3909	262	3544	22548
0	2	436	95	95	22463
0	2448	2279	2042	2126	22361
0	12	3909	331	331	22356
0	2448	2279	1091	3276	22319
0	2	1640	1640	1640	22287
0	2448	2279	4233	4234	22200
0	2	89	2224	367	22068
0	2448	2279	350	350	22043
0	2	1253	1734	1734	21958
0	2	301	2584	2584	21828
0	2	89	2224	1562	21826
0	2	1797	245	2987	21687
0	12	175	3809	1644	21655
0	2	4788	1857	1858	21654
0	2	309	310	310	21642
0	2	2491	108	196	21504
0	2448	23	3597	3601	21429
0	2448	1851	1851	1851	21408
0	264	265	1205	1205	21061
0	264	265	2524	2524	21059
0	4707	278	3282	4506	21036
0	2	436	78	2630	20509
0	4603	323	1831	3487	20390
0	4707	278	503	1250	20256
0	2448	134	141	141	20238
0	2	305	305	305	20096
0	2	1346	75	292	20027
0	261	3467	1630	3475	20003
0	2	160	163	163	19830
0	261	334	1615	1615	19741
0	2	1799	4415	4415	19722
0	2	2332	2332	2332	19513
0	2	1797	245	245	19401
0	261	181	181	181	19356
0	2	1797	245	246	19269
0	2	1253	1155	1155	19257
0	4603	323	1831	3670	19227
0	264	265	13	4315	19141
0	2	211	1290	1252	19079
0	267	2867	4485	4485	18897
0	2448	2279	1091	3965	18781
0	2	252	252	252	18746
0	12	257	3392	3392	18745
0	12	259	1283	1538	18640
0	2	89	1975	1975	18497
0	2	195	3087	3089	18497
0	12	259	1549	1565	18437
0	2	1346	74	1924	18360
0	264	419	3893	4482	18348
0	2448	2279	285	4389	18311
0	2448	2279	176	2787	18280
0	2	1629	80	4552	18277
0	2	2111	2111	2111	18260
0	264	403	1183	1183	18255
0	4603	323	129	2938	18235
0	2	90	2554	2554	18188
0	264	265	13	4319	18120
0	2	436	83	2639	18057
0	2448	2279	3981	3980	18048
0	264	265	13	4145	18009
0	2837	4474	4474	4474	18007
0	2448	23	153	153	17987
0	2448	19	19	19	17699
0	2	1455	212	212	17434
0	12	3909	262	338	17425
0	2448	2279	4629	4630	17425
0	2	98	1693	1693	17315
0	4603	323	323	323	17174
0	2	1253	1908	100	17171
0	264	389	1114	1114	17149
0	264	472	1713	1713	16946
0	2	211	4162	4162	16771
1	423	453	554	554	16761
0	2	3589	3589	3589	16757
0	289	480	2180	2180	16679
0	2	436	78	2633	16637
0	2	2338	2338	2338	16527
0	264	265	1093	3626	16511
0	12	3909	1334	2951	16499
0	2	1884	2288	2577	16362
0	2	1253	56	56	16352
0	2448	2279	176	2786	16292
0	2	436	95	2636	16271
0	4707	278	503	4225	16234
0	12	258	3568	3568	16064
0	2	251	251	251	16029
0	12	258	3566	1469	15988
0	2	328	3590	3590	15955
0	2	4788	4789	206	15927
0	2	2490	79	79	15906
0	12	175	637	3821	15906
0	12	258	1194	1194	15898
0	279	2719	2722	2722	15680
0	3865	4036	3997	3997	15647
0	264	265	13	2010	15634
0	2	224	308	4292	15595
0	2	2323	2323	2323	15568
0	2448	2279	3981	3979	15533
0	2	90	2257	2695	15474
0	12	3909	262	1528	15241
0	2448	2279	176	4700	14974
0	4603	323	1831	3213	14899
0	264	265	2995	2995	14892
0	2	4788	4789	207	14854
0	2	2117	2117	2117	14837
0	2	86	86	86	14821
0	12	259	1551	676	14819
0	2448	2279	284	1141	14810
0	2	159	159	159	14736
0	2448	23	1871	1871	14734
0	2	98	4105	4638	14690
0	4603	323	11	1498	14689
0	267	1516	1516	1516	14676
0	2	436	111	111	14613
0	2	313	313	313	14593
0	264	364	1611	1611	14509
0	2	1346	67	2413	14323
0	2	368	1314	1314	14307
0	2	436	93	93	14263
0	2	90	2554	2556	14210
0	12	257	1418	1669	14096
0	2	3787	3787	3787	14041
0	2	1797	245	597	14015
0	12	3909	262	1423	13954
0	2448	2279	41	3030	13857
0	12	258	1466	3570	13772
0	2448	2279	2042	1829	13698
0	2837	4149	4149	4149	13675
0	2	2490	229	229	13584
0	1392	3425	3425	3425	13579
0	261	2506	2901	494	13566
0	261	1614	1614	1614	13473
0	2	66	1339	1339	13466
0	2	2330	2330	2330	13347
0	264	265	1093	3919	13311
0	12	258	1466	1466	13307
0	2	436	78	1225	13248
0	2	89	2224	2224	13242
0	3865	4036	3998	3998	13235
0	2	86	481	481	13199
0	2	50	1244	1244	13163
0	2	211	2497	4529	13143
0	264	389	1115	1115	13112
0	2	301	1578	1578	13063
0	4707	278	2449	4796	12893
0	12	3909	262	483	12857
0	2448	25	518	518	12808
0	2	109	109	109	12784
0	2	1253	4331	4331	12749
0	4603	323	11	2276	12737
0	12	3909	262	341	12707
0	2	89	2224	1934	12656
0	2448	2279	285	4757	12655
0	2	436	78	2529	12612
0	2837	4474	1016	1016	12563
0	462	1370	3194	3265	12530
0	2	1253	56	1144	12515
0	2	89	1764	1764	12478
0	264	265	1093	3416	12453
0	2448	27	1151	40	12439
0	2448	2279	45	45	12172
0	2448	2279	285	4718	12146
0	2	76	194	194	12109
0	2448	23	3597	3600	12090
0	2448	2279	32	3278	12074
0	2	4405	4405	4405	11999
0	2	1346	75	2202	11948
0	2	123	3410	204	11928
0	2448	25	223	223	11914
0	2	1983	1982	2223	11906
0	4603	323	1831	1363	11883
0	264	265	2967	2967	11842
0	2	2566	2932	2932	11833
0	2448	23	4794	4794	11805
0	12	3918	3918	3918	11770
0	2448	2279	176	4010	11709
0	261	145	2908	2909	11687
0	2	436	78	78	11638
0	2	293	320	320	11569
0	400			400	11492
0	264	265	13	4311	11489
0	12	258	1013	1013	11483
0	2	2124	2124	2124	11413
0	2448	2279	4677	4677	11403
0	2	2114	2114	2114	11316
0	4707	278	503	503	11285
0	2	2377	2377	2377	11284
0	2	218	1158	3031	11257
0	2448	2279	1935	2982	11254
0	289	480	480	480	11231
0	2	4788	4789	416	11213
0	2	436	83	2638	11200
0	4603	323	11	146	11183
0	2	211	210	1866	11139
0	12	3909	262	2950	11134
0	4603	323	129	286	11075
0	12	256	2214	1299	11036
0	4707	278	7	2760	10970
0	2	1253	57	57	10941
0	4603	323	254	1656	10915
0	2	90	2554	2557	10911
0	4603	323	254	3338	10844
0	2	436	78	242	10825
0	2	195	1581	1582	10812
0	2	1797	1797	1797	10745
0	2	4191	4191	4191	10741
0	2448	2279	321	4704	10731
0	2448	2279	1257	1257	10617
0	2	102	102	102	10595
0	4603	323	1831	3926	10593
0	2448	134	1286	137	10582
0	2	1930	1930	1930	10534
0	2	86	481	1211	10508
0	264	265	13	4313	10505
0	264	4434	270	1178	10472
0	2	97	4336	4337	10356
0	462	1370	3194	3867	10307
0	264	265	1093	3922	10300
0	2	98	4107	4107	10277
0	264	419	1302	1302	10236
0	2448	134	1272	1274	10218
0	261	334	2585	2596	10210
0	4	1202	3862	3862	10206
0	2	343	343	343	10195
0	2	2699	2701	2701	10172
0	2837	4475	4476	4476	10105
0	264	265	2524	2525	9979
0	2	211	1733	1733	9962
0	2	1253	4538	4538	9918
0	4707	278	503	1012	9742
0	264	4434	270	4581	9674
0	2	436	78	2631	9673
0	4707	278	278	278	9642
0	2	98	1920	1920	9564
0	2	160	162	167	9539
0	4603	323	1831	2229	9537
0	3630	3631	1152	4117	9532
0	2	98	1693	4733	9525
0	2	1626	1626	1626	9497
0	2	1346	75	4161	9470
0	264	403	3455	1185	9466
0	2	2389	189	2184	9459
0	264	265	1093	1658	9455
0	2	1346	67	2563	9455
0	2	4659	4659	4659	9431
0	2	1910	1988	1988	9426
0	2	2490	88	205	9410
0	4	491	491	491	9389
0	2	107	392	2407	9350
0	261	334	1111	3533	9318
0	289	4502	4502	4502	9314
0	2	2011	2011	2011	9305
0	264	419	327	327	9283
0	2	244	244	244	9279
0	264	1813	1961	1994	9270
0	2	368	1313	1313	9243
0	2	1816	1816	1816	9221
0	2448	23	1871	4687	9197
0	2	222	222	222	9193
0	2	76	4758	4758	9187
0	12	3909	262	495	9179
0	2	1929	1929	1929	9177
0	2448	23	2275	2275	9134
0	4	2485	1212	1212	9107
0	2	2129	2129	2129	9094
0	2448	134	1286	135	9067
0	2	1253	1908	1811	9056
0	261	476	1391	1391	9052
0	261	1900	1900	1900	9049
0	12	259	1549	1127	9028
0	12	259	1283	1772	8987
0	264	364	364	364	8985
0	2	312	4293	4692	8984
0	267	1515	1515	1515	8947
0	2448	134	139	139	8918
0	2	2491	226	228	8878
0	2	89	2212	2212	8876
0	12	258	1295	3095	8839
0	2448	2279	2042	2042	8818
0	261	2106	2106	2106	8807
0	12	258	1013	2364	8782
0	264	265	4450	4452	8778
0	2	2351	2351	2351	8707
0	4603	323	11	2205	8677
0	2	317	55	55	8576
0	2448	2279	41	52	8562
0	12	259	1552	1552	8533
0	264	472	299	299	8532
0	261	334	1111	3531	8505
0	2	2491	2083	2575	8462
0	2	2648	2648	2648	8365
0	2	102	1876	2422	8362
0	267	2868	2863	2863	8357
0	4707	278	112	4511	8309
0	2	1918	1918	1918	8308
0	4707	278	158	158	8235
0	2	756	756	756	8216
0	2	1346	75	1921	8188
0	2	231	231	231	8171
0	2	105	1316	1316	8158
0	261	238	1710	1710	8143
0	2448	2279	176	1251	8125
0	261	2506	2819	2820	8116
0	2	1990	1990	1990	8115
0	2	98	1693	3080	8113
0	12	258	1445	1445	8102
0	279			279	8085
0	2448	2279	176	4012	8072
0	2	1253	2348	2196	8052
0	12	256	2216	1358	8043
0	2	2499	2499	2499	8006
0	4603	323	1831	2434	7997
0	12	259	1551	3782	7997
0	2	1863	1863	1863	7992
0	2448	18	1911	2424	7975
0	2	218	1158	3203	7971
0	2	1833	1833	1833	7969
0	4150			4150	7959
0	2448	2279	284	3968	7954
0	264	402	408	3458	7938
0	2	213	216	216	7917
0	12	258	3569	3569	7813
0	12	259	1283	1771	7810
0	2	4191	3409	1873	7806
0	12	258	258	258	7747
0	12	259	2049	2049	7707
0	264	1813	1939	1939	7683
0	2	2322	2322	2322	7682
0	4	510	510	510	7671
0	12	256	2218	1367	7654
0	4603	323	1831	133	7639
0	264	364	2022	2022	7605
0	4603	323	1831	3674	7582
0	2	1396	1855	1855	7568
0	267	2868	2861	2861	7561
1	423	453	553	553	7553
0	2448	2279	176	4702	7446
0	2448	2279	467	467	7407
0	261	2754	2754	2754	7384
0	2	1985	1985	1985	7375
0	4603	323	11	1497	7363
0	2448	2279	1220	1220	7359
0	12	3909	504	504	7350
0	2	1253	4083	4083	7343
0	4603	323	1831	122	7332
0	2	220	220	220	7323
0	264	265	13	2964	7323
0	2	98	4105	4731	7317
0	4603	323	11	3048	7315
0	2448	2279	176	2514	7312
0	2	90	2257	2809	7288
0	2	436	1822	2925	7251
0	2	195	3087	3088	7242
0	2	231	232	232	7236
0	2	1253	1908	1908	7230
0	2448	2279	4676	4676	7228
0	279	492	2919	2919	7203
0	2	1253	56	1291	7188
0	12	3909	262	262	7181
0	12	258	3566	3566	7176
0	2	1346	75	1122	7172
0	264	4434	270	270	7169
0	4707	278	398	398	7160
0	264	265	13	4316	7149
0	2	294	1891	1891	7129
0	2	2958	2958	2958	7127
0	4707	278	4504	4453	7123
0	2	211	210	1865	7117
0	2448	2279	285	4717	7116
1	423	434	434	434	7077
0	289	479	2177	2177	7073
0	2	91	91	91	7042
0	2448	2279	176	2788	7020
0	279	1909	1909	1909	7011
0	261	1614	1389	1389	6987
0	289	1506	1544	1617	6982
0	12	256	2219	1344	6968
0	2	97	4336	4338	6958
0	289	3737	3737	3737	6950
0	2	1346	75	1978	6944
0	2	2491	250	1149	6938
0	2	211	2243	2243	6929
0	261	145	3484	3485	6860
0	2	436	93	4002	6797
0	267	2867	1027	3962	6775
0	2	436	93	4668	6756
0	2448	2279	4629	4629	6751
0	12	258	1125	1125	6746
0	264	402	408	3459	6742
0	264	403	403	403	6721
0	264	265	265	265	6721
0	12	258	1445	516	6714
0	4707	278	2449	1088	6709
0	279	240	240	240	6694
0	267	2867	4157	4160	6685
0	261	253	1331	1331	6654
0	2448	134	1272	1273	6618
0	2	1455	1455	1455	6594
0	462	1370	3194	4446	6589
0	2	1132	1132	1132	6578
0	2	312	2818	2818	6537
0	2	1253	56	1896	6519
0	2	123	3410	2339	6493
0	2	70	70	70	6485
0	2	1253	3953	3953	6469
0	2448	134	1272	1275	6464
0	2448	1850	1850	1850	6451
0	2	89	3317	3318	6379
0	2	94	1347	1347	6372
0	4603	323	1168	1168	6372
0	2	4377	4377	4377	6359
0	12	259	2049	1755	6354
0	4603	323	11	2259	6342
0	279	1775	4121	4121	6323
0	12	258	1194	3058	6312
0	2448	134	4628	4628	6306
0	289	480	2182	2182	6288
0	264	265	1093	1662	6287
0	400	1438	1438	1438	6257
0	2	2313	2313	2313	6254
0	267	1518	1518	1518	6221
0	261	253	4785	4785	6211
0	2448	2279	4007	4007	6207
0	2	4193	4193	4193	6204
0	2	1818	1818	1818	6198
0	261	145	358	202	6194
0	2448	2279	285	4719	6169
0	261	334	337	337	6166
0	264	389	1415	1415	6134
0	12	258	2031	2031	6123
0	4707	278	7	1045	6101
0	2	2955	2957	2957	6100
0	264	419	3893	3893	6096
0	2448	25	1142	1142	6063
0	12	256	2213	3829	6062
0	4603	3940	3940	3940	6059
0	2	160	162	174	6014
0	2	1253	61	61	5995
0	2	2389	2389	2389	5985
0	4707	278	501	501	5979
0	2448	23	2572	2572	5958
0	261	476	1391	2505	5943
0	264	265	4450	4450	5938
0	2	2491	108	108	5916
0	2	2490	84	84	5891
0	2	218	1158	2089	5869
0	2448	18	1911	1911	5847
0	264	265	1548	3001	5833
0	267	2866	1032	1032	5828
0	12	258	2321	2321	5774
0	12	259	1553	2380	5770
0	264	402	408	1266	5758
0	289	3737	3738	3718	5734
0	2448	2279	176	1106	5705
0	2448	2279	176	1248	5684
0	400	401	401	401	5683
0	264	265	13	271	5656
0	12	256	2215	3830	5656
0	2	160	162	2362	5644
0	264	402	402	402	5640
0	2	6	6	6	5620
0	12	259	1550	101	5613
0	2448	23	1871	4686	5588
0	279	2246	2246	2246	5555
0	2448	2279	1527	1527	5549
0	264	265	1093	4252	5534
0	12	3909	262	333	5521
0	2	1798	4418	4418	5514
0	12	258	1445	260	5498
0	2	2491	226	226	5494
0	261	3467	3496	3496	5475
0	2	211	1213	1913	5474
0	12	3909	262	489	5459
0	2837	4475	2838	290	5454
0	2	1983	1983	1983	5445
0	12	259	1550	2440	5434
0	12	259	1551	1357	5413
0	4603	323	129	2467	5412
0	12	259	1551	1757	5406
0	2	3408	3408	3408	5403
0	4603	323	2926	2926	5396
0	2	2118	2118	2118	5392
0	2	2128	2128	2128	5392
0	261	1614	2581	2581	5372
0	261	3467	1630	3472	5367
0	2	2491	226	1923	5353
0	267	2528	2609	2609	5350
0	12	175	3809	3813	5335
0	3865	4036	4491	4491	5330
0	2	2782	2782	2782	5330
0	2	436	436	436	5287
0	4603	323	11	215	5255
0	4150	1650	1650	1650	5245
0	2	123	123	123	5240
0	2837	4475	2838	17	5235
0	2448	22	155	155	5200
0	264	419	1169	1169	5198
0	2	2490	79	2337	5176
0	261	334	3637	3637	5163
0	2	436	93	2326	5159
0	4	1187	2132	2133	5103
0	2	1640	1641	1641	5094
0	12	175	637	3067	5052
1	424	1270	1270	1270	5028
0	2	1455	4188	4188	5015
0	1392	1510	1510	1510	4970
0	2	2091	2091	2091	4936
0	264	498	1369	1369	4924
0	2	2490	2211	2211	4914
0	2	1346	75	4531	4903
0	4603	323	1831	4808	4875
0	4603	463	463	463	4853
0	12	259	1606	1606	4801
0	4603	323	1831	2494	4799
0	4603	323	11	1675	4796
0	261	334	2585	2592	4792
0	2	436	95	2329	4761
0	264	402	408	3460	4740
0	2	4139	4139	4139	4740
0	2	3412	3413	199	4738
0	2	328	177	177	4713
0	2448	25	3007	3007	4698
0	4707	278	117	2375	4658
0	4603	323	1831	1373	4655
0	2	2835	2835	2835	4648
0	267	2865	1022	1022	4640
0	2	319	150	150	4614
0	2	2491	250	250	4589
0	4			4	4587
0	261	334	1111	1583	4561
0	2	76	3491	1126	4555
0	12	175	3809	1647	4551
0	2	2005	2005	2005	4548
0	12	175	2391	2391	4534
0	2448	2279	176	4699	4532
0	2	4140	4140	4140	4528
0	12	258	1125	1559	4527
0	4603	323	1831	3978	4526
0	2448	2279	41	3954	4502
0	261	334	337	1632	4498
0	2448	2279	176	4815	4458
0	4	1209	1209	1209	4434
0	2	1396	1855	2558	4427
0	4603	323	11	2815	4408
0	264	265	1548	3000	4397
0	2	160	162	4411	4383
0	2448	2279	1935	4513	4381
0	2	123	3410	2817	4366
0	264	265	1093	1166	4353
0	2	436	83	2640	4353
0	2			2	4312
0	261	29	29	29	4302
0	12	259	1554	1410	4285
0	4603	323	1831	280	4265
0	12	258	3567	1403	4252
0	4707	278	2449	470	4249
0	264	1112	1200	1200	4198
0	4603	323	11	2813	4194
0	2	1965	1965	1965	4192
0	2448	2279	1276	1276	4189
0	2448	1851	316	316	4176
0	261	145	1743	1743	4176
0	264	265	1093	1165	4172
0	2	1346	75	4486	4156
0	12	259	1283	1770	4149
0	2	50	50	50	4102
0	279	381	381	381	4099
0	4603	3940	414	3951	4042
0	289	2306	2306	2306	4027
0	2	1895	1895	1895	4026
0	2	2490	88	88	4014
0	2	90	2554	2555	3981
0	2	1253	3912	3912	3979
0	12	258	1691	1490	3978
0	12	256	2218	1681	3973
0	264	364	1655	1655	3969
0	12	259	2049	4081	3968
0	2	295	72	72	3958
0	2	2943	2945	2945	3955
0	2	195	2953	2953	3948
0	2448	2279	321	4414	3934
0	264	1236	1236	1236	3930
0	261	2650	2651	356	3922
0	12	3909	1334	2518	3915
0	2	436	87	4207	3898
0	2448	2279	176	2611	3890
0	264	389	1416	1416	3873
0	2	2566	2195	2195	3847
0	2448	134	2320	2774	3846
0	12	256	2217	332	3804
0	2	4788	4789	2378	3802
0	12	259	1551	3788	3795
0	4707	278	2449	2452	3791
0	4707	278	117	2394	3784
0	2	4416	4416	4416	3769
0	2	89	4151	4151	3762
0	261	145	2908	2907	3740
0	462	1370	3194	3205	3713
0	4603	323	254	1092	3704
0	1392	1969	1969	1969	3696
0	12	258	1445	1104	3696
0	2448	134	2320	2769	3685
0	2448	134	2320	2773	3669
0	2448	134	2320	2772	3667
0	2	89	3317	3317	3666
0	4603	323	1831	2122	3661
0	4603	323	1831	2913	3656
0	2	2491	226	1883	3647
0	279	2756	2756	2756	3641
0	2	4407	4407	4407	3639
0	261	1890	1890	1890	3633
0	2837	4475	2838	2840	3625
0	2	4407	4409	4409	3621
0	3630	3631	2036	2036	3617
0	2	89	1322	4627	3616
0	4603	323	1831	2436	3594
0	4707	278	2449	1145	3589
0	12	256	2216	3839	3589
0	12	256	2218	1395	3579
0	2	98	4105	4105	3567
0	4707	278	2449	2460	3563
0	12	259	1550	3655	3542
0	264	472	1359	1359	3538
0	12	256	2219	2219	3533
0	4707	278	490	4705	3530
0	12	256	1263	1256	3530
0	4707	278	375	474	3524
0	2448	2279	176	3008	3516
0	400	4327	4327	4327	3514
0	2	4396	4396	4396	3512
0	261	334	1586	1586	3511
0	4603	323	1831	4809	3507
0	264	4434	270	2237	3500
0	267	4565	4565	4565	3484
0	261	145	358	2568	3481
0	2448	134	1286	136	3478
0	4603	323	11	3308	3448
0	12	258	1295	3236	3440
0	12	257	1418	1418	3399
0	279	4131	4823	4823	3371
0	2	295	4097	4098	3367
0	4707	278	117	1673	3357
0	267	2528	2608	2608	3347
0	4707	278	410	410	3344
0	261	2642	2642	2642	3339
0	4	1187	2131	2131	3329
0	4	3260	3260	3260	3321
0	264	3890	3890	3890	3293
0	1392	1511	1511	1511	3292
0	2448	2279	36	4613	3289
0	267	2868	2864	2864	3289
0	4603	323	129	2511	3252
0	12	258	1013	1687	3251
0	462	1370	3194	4445	3247
0	4707	278	503	386	3236
0	462	1370	3194	3200	3203
0	2	219	219	219	3200
0	2	1455	1926	452	3192
0	2448	2279	176	2789	3173
0	264	364	1521	1521	3147
0	4603	463	1804	1804	3142
0	2	1983	1982	1982	3141
0	2	1816	1987	1987	3139
0	2	97	3216	3216	3138
0	12	258	1295	1295	3128
0	4603	323	1831	2088	3124
0	3297	1539	1539	1539	3120
0	267	2866	1031	1031	3113
0	3865	4036	4099	4099	3108
0	4603	323	11	2094	3106
0	2	436	83	83	3086
0	2	1859	4419	4419	3079
0	2	1797	245	3453	3078
1	423	454	550	550	3071
0	4707	278	2449	2454	3068
0	267	506	1042	1042	3067
0	2448	2279	369	143	3022
0	261	2506	507	507	3020
0	264	403	1180	1180	3015
0	2	1819	2496	2496	2990
0	2448	2279	176	4576	2989
0	2	89	4152	4543	2969
0	12	258	1125	1560	2968
0	264	265	13	4787	2945
0	289	4799	4799	4799	2926
0	279	2749	2749	2749	2922
0	261	476	1391	465	2909
0	261	334	1615	1136	2907
0	4707	278	112	1208	2903
0	4707	278	411	1010	2892
0	4603	463	2071	2071	2889
0	261	2506	2586	2687	2859
0	4469	4478	4478	4478	2858
0	2448	2279	176	1108	2846
0	4603	323	1831	1118	2831
0	4603	323	1831	3420	2812
0	2	1455	716	716	2808
0	12	256	2220	2220	2798
0	2	1796	1796	1796	2792
0	4603	323	11	1698	2779
0	4	1202	2352	2352	2774
0	2	1889	1889	1889	2758
0	2	159	1864	2409	2755
0	264	498	498	498	2746
0	12	259	1550	2872	2729
0	4603	1308	1308	1308	2726
0	12	3909	298	298	2722
0	2448	18	151	1598	2713
0	4707	278	411	3079	2701
0	2	224	308	308	2686
0	264	402	408	4696	2678
0	12	258	1125	1555	2654
0	2	1928	1928	1928	2651
0	2	2943	2946	2946	2651
0	2	4189	4190	4190	2643
0	261	334	2585	2591	2625
0	2837	4474	2500	4620	2623
0	264	265	13	3025	2614
0	261	1614	2582	2582	2612
0	2	4788	4789	4827	2587
0	12	3909	3327	1090	2578
0	2448	134	2320	2775	2553
0	2	211	1213	1916	2549
0	2	191	191	191	2544
0	12	259	1550	1789	2543
0	2	484	1154	1154	2542
0	462	1370	3194	4444	2537
0	2837	4477	4477	4477	2534
0	4603	323	1831	2123	2533
0	12	258	1125	1557	2531
0	2448	2279	1091	3969	2517
0	2	436	95	4003	2517
0	4707	278	497	497	2515
0	2448	2279	176	1779	2508
0	264	4020	4020	4020	2505
0	4707	278	112	114	2494
0	2448	2279	284	3602	2494
0	261	2506	4154	4154	2492
0	2448	22	22	22	2491
0	2	2693	2798	2798	2485
0	2	91	2287	2287	2480
0	12	258	3567	3567	2473
0	261	147	1788	1788	2471
0	264	402	408	408	2455
0	12	3909	3327	3327	2452
0	2448	2279	4743	4743	2450
0	2	315	4201	4201	2447
0	2	1253	56	1714	2444
0	12	259	1283	2119	2441
0	279	2719	2721	2721	2434
0	2	3412	3413	203	2425
0	2	109	110	110	2416
0	264	265	2445	2445	2413
0	267	2868	2862	2862	2407
0	2	123	3410	3543	2403
0	2	1979	1979	1979	2397
0	264	419	419	419	2392
0	4603	323	132	132	2388
0	264	265	1093	2354	2371
0	261	334	3520	3520	2369
0	400	401	1309	1309	2365
0	2	294	4711	4711	2350
0	289	1509	1296	1296	2335
0	264	402	408	4619	2330
0	462	1370	3194	4698	2328
0	289	1506	1544	1619	2312
0	12	3909	324	1461	2312
0	2448	4650	4650	4650	2310
0	3630	3633	3633	3633	2306
0	12	259	1550	2456	2300
0	289	2342	2342	2342	2300
0	12	259	1551	2738	2277
0	4707	278	4776	3034	2267
0	2	4788	4789	2087	2266
0	12	259	1550	2874	2251
0	261	147	161	161	2250
0	261	2506	2617	1608	2249
0	2	301	1578	1109	2247
0	12	257	3258	4305	2243
0	2448	2279	32	3277	2242
0	2	98	4106	4106	2213
0	2	211	183	1637	2202
0	12	259	1550	3583	2193
0	4603	323	129	2512	2188
1	422	426	426	426	2171
0	289	3737	4351	4351	2165
0	2448	134	2320	2771	2147
1	423	437	437	437	2144
0	289	1509	2148	2158	2131
0	4603	463	395	4091	2128
0	1392	1510	47	47	2124
0	2	123	3410	3521	2123
0	264	403	3455	1184	2122
0	12	3909	513	1422	2121
0	261	253	142	142	2118
1	423	454	549	549	2117
0	2	1253	1908	3017	2103
0	261	334	337	1584	2102
0	2	107	2790	2790	2101
0	289	1506	1544	1618	2098
0	4	1187	2132	2132	2078
0	2	98	4105	4637	2076
0	2	484	3373	3373	2054
0	4	2800	4089	4089	2052
0	12	175	637	2264	2048
0	4603	323	129	2509	2047
1	424	461	538	538	2046
0	264	265	1137	1137	2043
0	2	91	2287	2417	2035
0	4707	278	490	4706	2034
0	4603	323	11	3573	2032
0	289	479	2179	2179	2032
0	4603	323	11	3574	2031
0	2448	2279	325	325	2029
0	261	476	1391	2503	2028
0	2	368	1312	1312	2025
0	2448	2279	176	3085	2024
0	2	76	4758	4205	2019
0	2448	2279	41	3955	2009
0	4603	323	11	1542	2003
0	2448	2279	119	119	1980
0	4603	323	11	2260	1978
0	4603	323	11	2210	1976
0	4603	323	1831	1223	1962
0	2448	2279	4203	4203	1958
0	261	2507	2508	2508	1954
0	264	269	1269	1269	1951
0	2	1253	2374	2374	1950
0	289	4502	4503	4503	1947
0	2448	2279	176	487	1944
0	2448	134	2320	2768	1932
0	12	258	1194	3060	1931
0	2	71	1336	1336	1923
0	289	479	2178	2178	1920
0	2	1819	1912	1912	1917
0	12	258	2340	2340	1912
0	261	334	2585	2595	1900
0	2	2699	2704	2707	1893
0	267	2867	1027	3961	1875
0	12	3909	1766	1766	1865
0	2	436	95	225	1863
0	279	3805	3805	3805	1863
0	4707	278	112	115	1848
0	4	1198	121	121	1841
0	12	3909	324	1095	1837
0	261	2507	2507	2507	1831
0	2448	24	24	24	1823
0	462	1523	1524	4072	1821
0	1392	3686	1604	1613	1820
0	261	147	2902	2902	1818
0	2	1346	75	1927	1817
0	279	1775	4128	4128	1812
0	264	265	13	4555	1809
0	267	2867	1027	3960	1806
0	264	3891	3891	3891	1806
0	4603	323	11	1541	1805
1	424	443	588	588	1795
0	2	1384	1386	1386	1789
0	264	265	1093	475	1784
0	264	2285	499	499	1781
0	12	259	1551	2875	1780
0	400	4484	4484	4484	1771
0	4707	278	112	3295	1770
0	4	1198	1368	1368	1769
0	261	145	2908	2908	1768
0	2	221	221	221	1766
0	4	1232	1232	1232	1765
0	2	2491	217	2836	1763
0	2448	134	134	134	1758
0	2	2920	2922	2922	1752
0	2	1253	1908	1762	1751
0	12	259	1551	8	1743
0	12	256	1749	1749	1743
0	12	259	1550	2051	1740
0	2	4141	4141	4141	1739
0	2	3	3	3	1733
0	2	195	372	372	1729
0	12	175	3815	4782	1729
0	289	3468	3468	3468	1719
0	264	402	408	3869	1711
0	4478			4478	1699
0	2	2490	4461	4461	1692
0	2	4407	4408	4408	1686
0	2	4388	4388	4388	1679
0	12	259	1552	2883	1678
0	2	89	1966	4259	1677
0	2448	2279	176	4578	1674
0	2	109	384	1249	1673
0	12	259	1551	2003	1668
0	462	1370	3194	4481	1662
0	12	3909	262	339	1659
0	2	1797	245	1998	1659
0	2	76	3491	3489	1658
0	2	123	3410	4774	1654
0	2	1884	1884	1884	1653
0	264	402	408	3457	1650
0	12	3918	1522	1522	1650
0	264	403	4258	2626	1635
0	2	2491	2083	2083	1633
0	261	334	1111	3535	1632
0	261	1614	3650	3650	1622
0	289	1509	2147	1620	1618
0	12	259	1534	1545	1609
0	264	265	13	4320	1608
0	12	259	1534	1546	1607
0	2	160	162	2318	1606
0	2	3412	3413	3413	1596
0	264	402	1204	1204	1595
0	2	1819	1819	1819	1592
0	2448	134	1310	4657	1587
0	279	2748	2748	2748	1586
0	2	123	3410	3483	1584
0	264	3889	3889	3889	1580
0	12	175	175	175	1573
0	2	2804	2807	2803	1569
1	423	435	1074	1074	1568
0	261	334	2991	2990	1567
0	289	4404	4404	4404	1562
0	4707	278	1306	1306	1562
0	2	50	1243	1243	1558
0	264	265	1093	376	1556
0	2448	2279	417	4525	1555
0	2448	2360	2360	2360	1542
0	2448	2279	4640	4640	1541
0	264	265	1093	1164	1540
0	2	1253	1908	1763	1538
0	2448	2279	3981	3981	1531
0	12	175	3808	1597	1530
0	264	265	4450	4451	1527
0	261	334	2991	2993	1524
0	2	211	210	4720	1517
0	264	3385	4164	4164	1514
0	2	2936	2936	2936	1513
0	2	98	1922	1922	1512
0	12	258	1295	3233	1510
0	261	3467	1630	3473	1509
0	2	107	2576	2576	1508
0	261	334	2585	2593	1502
0	2	2059	2060	2060	1494
0	261	334	2585	2590	1493
0	2	2491	217	217	1492
0	12	175	3808	3263	1491
0	264	1303	1572	1572	1491
0	267	2528	2607	2607	1487
0	279	2672	2672	2672	1481
0	12	259	1551	3494	1473
0	2	89	1322	4626	1469
0	400	3014	3015	3015	1466
0	289	1509	2147	1621	1465
0	2448	2279	399	399	1464
0	4603	463	395	395	1463
0	12	258	1445	1124	1462
0	279	2750	2750	2750	1461
0	261	2506	1612	1828	1461
0	2837	4475	1566	1566	1457
0	261	2506	3530	3530	1455
0	12	256	3389	3389	1453
0	462	1523	1524	4347	1451
0	261	334	1111	1737	1442
0	3865	4036	4036	4036	1432
0	261	334	1111	3534	1430
0	4	1187	2131	2130	1423
0	2	109	384	384	1415
0	2	2491	108	197	1414
0	2	2699	2704	2704	1411
0	2	4191	3409	3409	1410
0	279	1786	1786	1786	1408
0	4603	323	1831	156	1408
0	2	2090	3625	3625	1406
0	462	1370	3194	4480	1403
0	2	160	162	4410	1400
0	2	97	1936	1936	1398
0	12	258	1692	1692	1396
0	12	175	3809	3810	1396
0	264	1813	1938	1938	1392
1	424	460	534	534	1385
0	2	2052	742	742	1383
0	2	243	243	243	1382
0	4707	278	112	1207	1381
0	12	258	1686	1686	1378
0	264	389	1113	1113	1375
0	2	221	1325	1325	1374
0	264	2285	2484	2484	1373
0	4603	323	11	3049	1371
0	289	1509	2148	2162	1369
0	2448	23	1871	4688	1367
0	2	2389	189	4397	1356
0	264	265	13	4176	1354
0	264	265	13	3024	1354
0	2	2566	2567	2567	1350
0	2	1455	1926	1926	1346
0	4	1234	1234	1234	1338
0	261	145	3484	3486	1331
0	12	256	3404	3404	1330
0	2	4376	4376	4376	1328
0	2448	134	1310	397	1322
0	12	259	1534	2802	1319
0	2	98	4105	4735	1315
0	12	258	1295	3027	1308
0	2	90	2257	2028	1308
0	2448	2279	2536	2536	1304
0	2448	18	151	3952	1301
0	12	3909	262	471	1301
0	267	2868	3888	3888	1299
0	289	3737	3738	3738	1299
0	264	1303	1572	4748	1297
0	2	4788	4789	4167	1295
0	2	436	81	4727	1295
0	12	259	1551	2877	1290
0	2448	48	49	49	1285
0	2	106	106	106	1282
0	2	1253	2570	2570	1279
0	264	498	415	415	1279
0	12	258	2724	2729	1265
0	12	259	1606	1575	1263
0	4603	323	11	3050	1263
0	2448	2279	176	3539	1251
0	2448	2279	176	4577	1249
0	264	265	1093	3989	1246
0	4150	1650	1674	1674	1238
0	2	160	162	1458	1235
0	261	2506	2506	2506	1221
0	2448	2279	41	3956	1219
0	2	1253	1734	2829	1215
0	2	103	103	103	1215
0	12	258	1701	1701	1213
0	2	160	162	4412	1209
0	3865	3929	3929	3929	1209
0	264	3107	3107	3107	1205
0	12	258	1013	1447	1205
0	264	364	2022	2023	1202
0	264	265	1093	4684	1201
0	12	257	3258	1432	1201
0	2448	2279	32	2761	1200
0	2	1854	1854	1854	1199
0	264	364	517	2023	1199
0	289	480	2181	2181	1195
0	2448	2279	4208	4212	1194
0	2	4401	4401	4401	1193
0	261	334	337	3508	1192
0	279	3778	3778	3778	1192
0	289	3737	1134	1134	1192
0	267	2867	4157	4157	1191
0	264	265	3132	4715	1191
0	264	402	408	4618	1188
0	261	334	337	3013	1186
0	4707	278	2892	2895	1185
0	12	258	1445	1110	1183
0	261	476	2810	4561	1165
0	4603	323	11	1697	1161
0	2448	134	141	4505	1160
0	279	2679	2680	2680	1155
0	2	2491	235	3202	1153
0	3865	4036	4099	4488	1153
0	2	2490	1080	1843	1145
0	289	1506	1491	1502	1139
0	4603	323	11	3305	1136
0	2448	2279	4208	4215	1136
0	2	3477	3477	3477	1135
0	4707	278	375	4667	1129
0	1392	3686	3686	3686	1126
0	2	160	162	162	1124
0	264	3934	3936	3936	1120
0	2	160	162	168	1119
0	4707	278	411	3078	1112
0	289	663	663	663	1111
0	4603	463	2067	2067	1110
0	289	3737	3715	3715	1110
0	2	3094	3094	3094	1109
0	4603	323	11	3925	1109
0	261	334	1111	2996	1104
0	12	258	1125	1807	1102
0	2	2127	2127	2127	1097
0	2	106	1888	1888	1093
0	12	175	3809	3811	1092
0	4707	278	411	411	1091
0	2	2100	1379	1381	1090
0	2448	4812	4812	4812	1085
0	264	4434	270	3075	1084
0	2	377	377	377	1083
0	2	436	81	4725	1083
0	2	1446	1446	1446	1082
0	279	2755	2755	2755	1078
0	2448	23	3653	3653	1071
0	279	2719	2823	2823	1062
0	12	259	1550	3582	1060
0	2	66	1340	1340	1060
0	2	211	390	391	1058
0	2	359	359	359	1057
0	261	2506	1607	3528	1056
0	2	123	3410	4775	1055
0	4	1201	1201	1201	1055
0	4603	323	254	2539	1054
0	261	2507	1633	1633	1052
0	2	1253	1734	4424	1052
0	12	259	1550	2517	1049
0	261	3415	3415	3415	1041
0	289	1506	1293	1293	1039
0	2	4370	4370	4370	1038
0	2	1253	56	2240	1036
0	2448	134	2320	2770	1033
0	279	3759	3759	3759	1031
0	12	259	1551	2906	1029
0	4	1198	1368	1190	1029
0	264	403	4258	4258	1024
0	2	2490	2016	2016	1024
0	4603	323	1831	3672	1013
0	4707	278	490	490	1013
0	12	3909	262	340	1011
0	264	265	13	2620	1007
0	12	259	1534	1547	998
0	2	89	1322	2254	998
0	12	259	357	357	997
0	2448	2655	2655	2655	996
0	264	403	1181	1181	994
0	4707	278	4776	4777	992
0	12	258	1445	2198	990
0	2	220	1323	1323	982
0	4707	278	157	157	971
0	4707	278	112	116	970
0	12	256	2215	3402	970
0	289	3796	3394	3394	967
0	12	256	2215	3403	967
0	2	484	1116	1116	965
0	12	3909	513	519	964
0	2	3770	3770	3770	964
0	264	269	269	269	962
0	12	259	1551	2550	959
0	4603	323	1831	2435	955
0	12	259	1283	1543	951
0	2	123	3410	1735	948
0	12	259	1550	3562	947
0	261	238	238	238	945
0	2448	2279	4112	4112	944
0	264	2285	499	3882	939
0	16	1678	1678	1678	937
0	261	2506	2586	2602	935
0	4707	278	2892	2893	933
0	4	4195	4195	4195	931
0	12	259	1551	1760	929
0	2	305	4390	4406	928
0	279	1794	1794	1794	922
0	279	2679	2680	2746	922
0	289	1506	2134	2175	922
0	264	1303	1303	1303	918
0	264	4434	270	2959	915
0	261	3467	1630	3542	914
0	4707	278	117	2395	910
0	267	506	1043	1043	907
0	4603	323	1831	2492	904
0	12	259	1283	1768	902
0	2	312	2818	4636	891
0	279	4131	4822	4822	891
0	12	257	3258	3257	887
0	12	258	1445	1159	884
0	2	2052	2910	2910	884
0	12	175	3264	3264	878
0	279	2679	2747	2747	876
0	2448	2653	2653	2653	876
0	12	259	1823	1823	876
0	2448	2279	176	2947	875
0	12	259	1550	2245	872
0	12	259	1283	2046	870
0	4707	278	2449	2453	868
0	2	1853	1853	1853	868
0	2448	2279	176	3106	867
0	264	2285	2285	2285	864
0	4707	278	117	1267	863
0	4150	1579	1872	1872	862
0	12	256	2215	3832	860
0	1392	3419	3419	3419	855
0	12	258	1295	4158	855
0	261	334	1111	3678	855
0	2	1884	2288	2289	851
0	2448	134	1286	182	846
0	2	1884	1885	1885	845
0	264	269	3461	3462	844
0	279	2719	1795	1795	843
0	2	2052	2052	2052	842
0	4707	278	7	7	842
0	279	3755	3755	3755	838
0	4	1157	1157	1157	837
0	2	211	183	4271	837
0	12	259	1550	3752	835
0	2448	134	1286	4272	835
0	2	211	2247	2247	834
0	264	2285	2484	1231	826
0	12	3909	1766	2201	825
0	2	484	3372	3372	825
1	424	450	858	858	822
0	261	334	1615	3504	819
0	264	265	2445	2446	818
0	4707	278	503	1282	817
0	12	3909	262	1537	816
0	279	2671	2671	2671	816
0	2	2100	1379	1379	811
0	2	1634	3536	3536	811
0	4707	278	375	3280	808
0	12	259	1825	1825	807
0	2	159	1864	1864	807
0	12	259	1551	2916	806
0	261	2506	2586	2689	805
0	2837	4475	2843	2438	805
0	264	265	346	1271	805
0	1392	3686	1604	3423	804
0	4707	278	117	3091	804
0	4707	278	4752	4752	799
0	4603	323	1831	4673	799
0	12	3909	504	512	797
0	264	265	1093	4527	796
0	4603	323	129	1605	795
0	2	109	110	3039	793
0	4	2800	2800	2800	793
0	462	1523	1524	4090	790
0	2	252	1805	1805	790
0	2	160	160	160	788
0	264	1236	1667	1667	788
0	264	402	1204	3870	785
0	3630	3631	1152	2459	779
1	424	458	530	530	778
0	261	334	1111	2997	778
0	2	1455	1593	1593	776
0	1392	1844	1844	1844	773
0	4603	323	129	4343	772
0	462	4442	4442	4442	769
0	2	160	162	172	769
0	2	312	4294	4294	769
0	264	265	1093	3283	767
0	2	1875	1875	1875	766
0	264	402	1204	3868	765
0	12	259	1535	1535	763
0	2	105	1315	1315	763
1	424	443	589	589	762
0	12	258	2381	2381	762
0	2	2058	2058	2058	762
0	264	2035	3443	3443	760
0	4603	323	1831	2912	759
0	2448	2653	2654	2654	758
0	2	71	1337	1337	758
0	2	301	3109	3109	755
0	264	1236	1237	1237	754
0	2	1629	80	2110	754
0	4603	323	11	2365	752
0	279	2188	2188	2188	751
0	2	92	92	92	751
0	2	2937	2937	2937	751
0	12	256	2213	2213	750
0	261	3467	1630	3509	748
0	12	258	2039	2039	748
0	2	123	3410	3519	747
1	424	442	584	584	746
0	4603	323	11	1499	745
0	279	2659	2659	2659	744
0	289	1997	1997	1997	742
0	2	412	412	412	741
0	2	436	1822	2056	740
0	2	94	1349	1349	740
0	264	265	346	4579	739
1	424	456	526	526	739
0	279	1782	2780	2780	739
0	261	1649	2355	2355	738
0	4603	323	11	3575	737
0	12	259	1551	4013	737
0	289	1509	2147	1622	735
0	12	259	1551	351	734
0	2	2491	235	235	734
0	4	1198	121	2025	734
0	462	1370	2795	4575	729
0	12	256	2215	3186	729
0	4	1198	1188	1188	724
0	4	1666	1666	1666	721
0	4150	1579	1778	1778	721
0	4603	323	11	3307	720
0	279	4131	4131	4131	719
0	267	2865	1023	1023	717
0	2	1443	4681	4682	715
0	4603	323	388	388	714
0	264	3385	4164	4662	713
0	2448	25	1906	1906	713
0	3865	126	126	126	713
0	261	334	337	1587	712
0	12	258	3364	3364	710
0	4603	323	11	2191	709
0	264	364	517	1229	707
0	12	256	3389	3388	706
0	4603	323	11	2814	705
0	12	259	1534	2231	705
0	12	258	1295	3232	704
0	264	265	1093	3033	698
0	1392	3686	1604	3422	698
0	12	258	2724	2728	697
0	12	258	1445	2194	697
0	2	1910	2573	2573	693
0	2	160	162	3066	693
0	289	1506	2134	2141	688
0	12	258	1194	3059	688
0	264	269	1175	1175	687
0	261	334	337	1594	685
0	4603	323	129	129	684
0	12	256	2215	2215	684
0	2448	134	2320	2777	682
0	2	1346	3361	3361	680
0	2	436	99	4202	679
0	12	256	2213	1289	678
0	12	175	637	637	677
0	264	1813	1939	1601	676
0	3865	4036	3998	4078	674
0	2	436	93	4001	674
0	4603	323	129	2856	674
0	462	1523	1529	4568	673
0	12	258	2382	2382	670
1	424	444	444	444	660
0	264	472	266	266	658
0	12	259	1311	1311	656
0	12	3909	3327	3208	655
0	2837	4475	2838	1019	652
1	3866			3866	652
0	264	1303	1572	3384	651
0	261	2507	2508	2898	649
0	4603	323	1831	3673	646
0	264	265	4132	4133	646
0	279	1493	1493	1493	643
0	12	258	1295	3238	643
0	264	1813	2010	2009	641
0	2	2490	2211	2232	635
0	261	2506	2586	2606	635
1	423	453	555	555	633
0	4707	278	3993	4184	633
0	2	1455	353	352	633
0	12	256	2220	1676	633
0	289	3737	4364	4364	631
0	2	193	272	272	630
0	2	218	1158	3032	629
0	261	334	2991	3006	624
0	2	98	4105	4721	622
0	12	3909	513	46	621
1	424	450	854	854	621
0	261	334	2585	2594	621
0	462	1523	1523	1523	620
0	264	265	13	1192	614
0	2	822	822	822	614
0	2	211	210	4392	614
1	423	435	1073	1073	609
0	4603	323	129	2286	609
0	12	259	1535	1117	607
0	267	2867	1027	3958	607
0	4707	278	4776	4778	606
0	4707	278	112	2235	606
0	4707	278	4504	1375	605
0	12	258	2340	3053	604
0	2	2466	2466	2466	604
0	12	259	1534	2801	601
0	261	334	1111	3540	601
0	2	343	192	192	596
1	424	445	656	656	595
0	2	1346	67	2265	594
0	261	334	337	1362	588
0	462	1523	1524	1524	588
0	267	2528	2610	2610	588
1	424	442	442	442	588
0	12	258	2979	2979	588
0	2	211	390	4096	586
0	12	258	1295	3229	586
0	2	509	1882	1882	585
0	2	1797	245	249	584
0	12	3616	3616	3616	583
0	12	258	1295	3228	583
0	2	1797	245	1505	580
0	2	89	184	184	578
0	261	2506	1612	3526	578
1	424	442	583	583	577
0	2	2052	861	861	577
0	4	1094	3885	3885	577
0	462	1370	2468	2429	573
0	264	265	13	3350	573
0	4	3135	3135	3135	573
0	2	1253	1780	1780	569
0	4707	278	3992	3992	568
1	424	450	843	843	567
0	261	334	337	3507	567
0	261	334	2585	2588	566
0	261	2506	1612	1612	562
0	264	269	3461	3461	562
0	2448	2279	4676	4674	558
0	3630	3633	3688	3688	556
0	2448	4650	4653	4653	555
0	12	256	2214	2214	550
0	12	256	2213	3827	546
0	264	268	1172	1172	545
0	4603	463	363	363	543
0	3865	4036	3997	4064	543
1	424	443	587	587	542
0	12	256	2213	1638	540
0	289	3737	3746	3746	538
1	424	450	837	837	535
0	261	334	337	3012	535
0	2	82	1342	1342	535
0	2	66	1338	1338	535
1	422	1450	1450	1450	534
0	462	4440	4440	4440	532
0	12	259	1551	2548	532
0	4603	323	1831	2493	532
0	12	259	1534	201	531
0	2	301	2740	2740	529
0	289	1997	1420	1420	528
0	2	1008	1008	1008	526
0	279	1821	1821	1821	523
0	2448	23	1871	3071	521
0	12	258	2724	1704	519
0	12	259	1551	3398	519
0	4707	278	375	2983	518
0	2	1253	1513	1513	518
0	12	256	2213	3826	518
0	2	2001	2001	2001	517
0	12	259	1551	3789	516
0	2448	134	2320	2778	512
0	2	1253	1908	2827	511
0	2	1640	1641	1646	510
1	422	431	431	431	508
0	261	2506	1612	1827	508
0	12	257	1418	2963	508
0	264	1303	1572	4623	505
0	4	1202	1279	1279	504
0	4	1198	1672	1672	504
0	2	294	330	43	502
1	422	1454	1454	1454	502
0	2	97	1936	4004	500
0	12	257	3258	1431	499
0	2	109	110	2954	498
1	423	435	1077	1077	496
0	4707	278	4545	4545	494
0	289	3750	3750	3750	491
0	12	258	2724	2731	488
0	2	1798	1798	1798	485
0	2	89	1948	1948	484
0	279	1775	4120	4120	483
0	4603	323	1831	1376	483
0	2448	2279	418	4644	482
0	289	1509	2148	2155	482
0	400	4572	4572	4572	482
0	261	334	2614	2614	482
0	2	2920	2921	2921	481
0	2	436	1822	2057	480
1	424	457	546	546	480
0	12	259	1554	1411	479
1	424	443	590	590	478
0	2	1346	75	1285	476
0	2	2834	3683	3683	475
0	462	1370	3194	3270	473
0	400	2855	2855	2855	473
0	289	4353	4353	4353	472
0	261	2900	2900	2900	472
0	289	1506	2134	2145	471
0	2448	134	190	1705	470
0	12	259	1551	2002	469
0	264	1813	1813	1813	464
0	4707	278	7	4729	458
0	2	294	4710	4710	457
0	2	2491	2015	2015	457
0	462	1523	1529	4591	457
0	2	160	162	1457	455
0	2	2225	2225	2225	453
0	2	2498	2498	2498	453
0	2	2100	1379	420	451
0	12	259	1551	2931	451
0	4707			4707	450
0	279	1775	4123	4123	447
0	2	2627	2627	2627	447
0	4707	278	503	1609	446
0	12	259	2049	1756	446
0	4603	323	1831	1831	444
0	264	39	365	365	443
0	2	4169	4169	4169	443
0	264	1813	1940	1940	443
0	279	1775	4129	4129	442
0	264	265	13	1812	440
0	261	1761	1761	1761	440
0	264	265	1205	3381	436
0	462	1370	2795	4574	436
0	12	257	3392	1131	435
0	2	109	110	1651	434
0	289	4350	4362	4362	429
0	2448	134	1310	382	427
0	289	1329	1329	1329	427
0	264	265	13	1801	427
0	2448	2279	1091	3983	427
0	279	2744	2744	2744	426
0	2	94	1348	1348	426
0	12	3909	3327	1653	425
0	12	258	2978	2978	424
0	2	76	3491	3488	423
0	261	1614	3652	3652	421
0	4	2799	2799	2799	420
0	462	1370	2795	4570	419
0	2	301	15	1378	418
0	12	258	1194	3557	418
0	12	259	1551	2930	418
0	2	2055	2055	2055	417
0	2	1834	1834	1834	417
0	4478	4566	4566	4566	415
0	279	3758	3758	3758	414
0	2	218	1903	1903	412
0	279	2719	2720	2720	412
0	261	1614	1758	1758	411
0	289	1506	1544	2208	410
0	279	1785	1785	1785	410
0	2	211	1146	3476	409
0	4603	323	254	4669	408
0	2	123	3410	3518	407
0	4707	278	2892	2894	406
0	264	389	1115	4268	406
0	2	166	166	166	406
0	12	259	1283	2502	400
0	261	1808	1808	1808	400
0	2	82	1343	1343	400
0	2448	134	2320	2767	399
0	12	258	3364	3368	399
1	424	438	563	563	398
0	2	3352	3354	3354	398
1	424	444	573	573	397
0	2448	2279	32	62	397
0	267	2867	1026	4521	396
0	264	265	1093	4768	395
0	462	4441	4441	4441	395
0	264	265	13	347	395
0	12	257	3258	1429	395
0	2	1862	1862	1862	394
0	2	1455	1182	1182	394
0	264	3934	3936	4177	392
0	4707	278	3993	4183	391
0	261	1800	1800	1800	391
0	4	1198	3436	3439	391
0	261	145	2908	2644	391
0	12	259	1283	502	390
0	261	334	337	1138	390
0	261	334	1111	2934	390
1	424	446	695	695	384
0	3630	3631	2397	2397	382
0	4603	323	1831	2230	381
0	264	402	408	237	381
0	264	265	13	1441	381
0	4	1094	1094	1094	380
0	12	3909	513	1021	380
0	4603	463	2076	2076	379
0	289	1509	2148	2168	377
0	2448	2279	32	2762	377
1	424	461	537	537	377
0	2	2490	1080	1080	377
0	261	2506	354	354	377
0	2	2332	2333	2333	376
0	2448	25	2571	2571	375
0	264	265	1093	1659	375
0	261	2506	2586	2605	375
0	2448	134	4695	4695	374
0	2448	2903	2903	2903	373
0	12	259	1283	2048	372
0	12	258	4813	4813	372
0	261	2506	2819	2819	371
0	3630	3633	4467	4466	370
0	12	259	1550	1777	370
0	289	1509	2148	2166	369
0	462	1370	3194	3271	368
0	12	3909	513	30	367
0	2	295	4097	4226	366
0	4469	4468	4468	4468	366
0	462	1370	405	4239	365
0	462	1370	405	4055	365
0	2	103	1877	2423	365
0	1392	3686	1604	3424	365
0	12	257	3258	1439	365
0	261	2506	2896	2896	364
0	2	4378	4378	4378	364
0	261	476	1391	3003	363
0	2	2699	2700	2700	363
0	2448	2279	35	4728	360
1	424	461	539	539	359
0	462	1370	3194	3896	358
0	264	1303	1572	3382	355
0	4603	323	3279	3279	355
0	4603	323	11	1599	353
0	2	98	4105	4639	353
0	3865	4036	4037	4037	353
0	12	256	2215	1677	352
0	12	259	1551	3780	351
0	289	1506	1544	2209	350
0	4707	278	2449	2449	349
0	2448	134	1310	380	348
0	4603	323	11	2262	347
0	267	2865	1017	1017	347
0	12	175	3808	1603	347
0	12	256	2214	1685	344
0	261	145	358	2833	343
1	424	451	941	941	342
0	462	1371	1371	1371	341
0	2837	4475	2838	2841	340
0	264	265	1205	3072	339
1	422	429	429	429	338
0	12	258	1671	1671	338
0	2448	2279	3976	3977	337
0	261	334	1111	3532	337
0	12	258	2645	2645	337
0	12	3440	3440	3440	336
0	2	82	1341	1341	336
0	4603	323	1831	1280	335
0	3865	4036	4040	4067	333
0	279	1821	3768	3768	333
0	2448	2279	176	3009	332
0	4707	278	2927	2927	331
0	3297	3799	3799	3799	331
0	2	2566	2933	2933	327
0	12	259	1551	3550	327
0	4	10	10	10	327
0	4603	323	11	1500	327
0	264	1112	1112	1112	326
0	12	259	1552	2882	326
0	4707	278	112	2464	325
0	4603	323	129	2510	325
0	261	334	1615	3503	325
1	423	454	548	548	324
1	424	451	739	739	322
0	2	76	3491	3490	322
1	424	445	660	660	321
0	264	402	408	4617	321
0	4603	323	11	2816	321
1	423	435	2366	2366	320
0	2448	2279	176	4750	318
0	261	1649	1649	1649	316
0	2	4401	4402	4402	316
0	12	3909	324	1421	315
0	261	145	2908	2643	315
0	2	2052	85	85	314
0	264	265	4132	4132	313
0	12	258	1295	3578	313
0	12	3909	3327	1328	312
0	261	238	1712	1712	312
0	4603	323	11	3306	309
0	261	334	337	3506	308
0	4	3260	3261	3261	307
0	267	2870	1034	1034	307
0	279	2665	2667	2667	307
0	2837	4475	2843	2845	306
0	4603	463	2078	2078	306
0	2448	134	190	1708	305
0	12	259	1551	2878	305
0	3630	3631	1152	4607	304
0	2	1889	2236	2236	303
0	462	1370	1370	1370	303
0	261	334	1111	2711	301
1	424	447	764	764	300
1	423	432	432	432	299
0	4603	463	4456	2074	299
0	12	258	2724	2732	299
0	2	2699	2704	2705	299
0	2448	27	3065	3065	299
1	424	438	564	564	297
0	2	2090	3624	3624	297
0	4603	323	2928	2928	297
0	279	1775	4122	4122	296
0	2448	2279	3976	3976	296
0	4603	1508	1508	1508	292
0	12	256	2219	3347	292
0	12	259	1550	3565	291
0	279	2679	2679	2679	291
0	264	2285	2484	3881	289
0	264	3219	3220	3220	289
0	12	175	637	3259	289
0	12	258	1702	1702	289
0	2	123	3410	3517	289
1	422	1453	1453	1453	289
1	3866	4077	4077	4077	288
0	4707	278	112	2392	288
0	289	1506	1544	1143	287
0	4603	323	11	3576	286
0	2448	134	190	1707	286
0	12	256	2219	3346	285
0	2	2486	2486	2486	284
0	4707	278	503	1281	282
0	279	2792	2792	2792	281
1	424	451	717	717	280
0	12	259	1823	1826	280
0	2	2052	1717	1717	279
0	2	301	15	3029	278
0	12	259	1552	2881	278
0	12	259	1551	3547	278
0	4707	278	2449	2450	278
0	2448	18	151	1600	276
0	2	2491	1933	1933	276
0	264	1303	1572	3383	274
0	12	3909	513	214	274
0	12	258	2724	2727	274
0	2	104	329	329	273
1	424	442	585	585	272
0	3865	4036	4493	4493	272
0	261	2506	2586	3651	272
0	2	2389	189	4398	272
0	2	295	4097	4230	271
0	16	1679	1679	1679	270
0	12	259	1534	2092	270
0	12	3909	513	515	268
0	3630	3631	1152	1152	268
0	4603	323	2465	2465	267
0	264	1813	1957	1957	265
0	2448	2279	4676	4678	265
0	261	334	1111	1738	264
0	12	258	1295	3241	264
0	12	258	1125	1561	264
0	12	175	637	1773	263
0	4603	323	1831	3675	262
1	424	446	921	921	262
0	2	160	162	169	261
0	261	2506	1612	3525	260
0	4707	278	2449	1210	260
0	2	2566	4095	4095	260
0	289	3737	3723	3723	260
0	264	1303	1572	4771	259
0	2	89	2212	28	258
0	2	2389	189	1790	258
0	4	1157	3199	3199	258
0	261	2506	1612	3527	257
0	261	145	358	2832	256
0	279	3018	3018	3018	256
0	264	265	1093	3627	255
0	264	1507	1507	1507	255
0	4707	278	411	3879	255
0	2	97	3215	3215	254
0	2	2693	2796	2796	254
0	4707	278	1668	4605	253
0	12	256	3807	1426	253
1	424	451	735	735	252
0	264	4434	270	3990	251
0	12	259	1283	1284	250
0	2	295	4097	4798	249
1	424	460	535	535	249
0	12	175	1512	1512	249
0	12	258	1125	1774	249
0	4603	323	1665	1665	249
0	4707	278	2449	2451	247
0	4469	4478	4566	4566	247
0	279	2793	2793	2793	246
0	2	4788	4789	1639	245
1	424	460	533	533	245
1	422	1449	1449	1449	245
1	424	445	895	895	244
0	4	1198	1188	2251	243
0	289	1869	1869	1869	243
0	12	258	2984	2984	242
0	12	3909	1766	1765	242
0	12	3909	262	1425	242
1	424	459	542	542	240
0	462	1370	2468	2468	240
1	422	427	427	427	240
0	12	259	1550	1776	240
0	4	1198	1672	1197	239
0	261	2650	2652	3524	239
0	2	1634	4792	4792	239
1	424	446	699	699	238
0	261	334	337	3588	238
0	12	256	2213	1643	238
0	2	782	782	782	237
0	400	2540	2540	2540	237
1	424	444	574	574	236
0	12	3909	1766	1754	236
0	2448	134	141	4610	235
0	4603	463	2080	2080	235
0	4707	278	4776	3947	234
0	4707	278	2449	4791	233
0	4603			4603	233
0	12	258	1295	3239	232
0	12	256	2213	1414	231
1	424	446	677	677	231
0	2	211	1213	1374	231
0	12	259	1551	3784	230
0	12	256	2214	1404	230
0	279	1782	2781	2781	230
0	289	1506	1544	4547	229
0	2	68	1354	1354	229
0	4707	278	7	1047	229
0	4707	278	375	4536	227
0	289	3796	3792	3792	227
0	12	258	1194	2974	227
0	2	224	224	224	226
0	279	2665	2666	2666	225
0	261	334	2991	2992	225
0	2448	4651	4652	4652	225
0	2	3697	3697	3697	224
0	2448	2279	176	3538	223
0	261	1304	1304	1304	223
0	2	195	2442	2442	223
0	261	2650	2652	3523	223
1	424	445	638	638	222
0	279	2665	2669	2669	221
0	261	2612	2612	2612	221
0	4	1201	4611	4611	221
0	279	3776	3776	3776	221
0	289	2174	2174	2174	221
0	2	159	3676	3676	217
1	424	439	568	568	216
0	289	1297	1268	1268	215
1	424	442	582	582	215
0	4	1157	4515	4515	215
0	12	1103	1103	1103	214
0	264	1161	1161	1161	214
0	12	257	3392	1399	214
0	1392	3425	3426	3426	212
0	2	211	1213	1915	212
0	12	256	2220	4254	212
0	2	378	378	378	211
0	3297	3301	3301	3301	211
0	2	3222	3222	3222	210
0	264	1112	1230	1230	209
0	4707	278	4504	4504	209
0	12	258	1295	4495	207
0	2	1455	353	1221	205
0	4603	323	129	2278	205
0	279	2679	2680	2030	205
0	264	265	1093	4512	205
0	2	160	162	1456	205
0	2	301	15	4519	204
0	12	256	2216	3844	204
0	12	3909	3327	2960	203
0	4707	278	112	112	203
0	264	3385	4164	4661	203
0	2837	4475	2838	2842	202
0	4603	463	396	396	202
0	279	3762	3762	3762	202
0	267	2865	1024	1024	200
1	424	445	901	901	200
0	2	2530	2530	2530	200
0	1392	1969	1624	1624	199
0	12	259	1550	3549	198
0	2	92	2234	2234	198
0	264	403	3456	3456	197
0	264	265	13	318	197
0	2837	4475	2838	413	196
0	2	3412	3414	3414	196
0	2	3412	3413	3682	193
0	279	2663	2663	2663	193
0	4	3159	3157	3157	193
0	2448	154	154	154	192
0	12	259	1551	2879	192
0	12	258	3061	3061	192
1	424	440	578	578	191
0	4	1157	3209	3209	191
0	261	334	1615	1759	191
0	12	256	2216	297	191
0	279	3018	4118	4118	190
0	2	2052	2113	2113	190
0	4603	463	2082	2082	190
0	4707	278	112	2233	189
0	2	71	1335	1335	189
0	264	3385	3387	3387	189
0	261	145	358	1532	188
0	2448	134	1286	2697	188
1	424	450	999	999	188
0	1392	2545	2545	2545	188
0	2	211	390	390	188
0	2	1253	1908	1728	188
0	2	1884	1919	1919	187
0	2448	134	2320	2320	186
0	279	2660	2660	2660	184
0	264	265	13	4045	183
0	264	1813	1961	2250	183
0	2	2000	2000	2000	181
0	4	2929	2929	2929	181
0	4603	323	4586	4586	180
0	279	3332	3332	3332	180
0	264	4434	270	3082	180
0	12	256	2213	4262	179
0	2	2389	189	3663	179
0	261	334	1615	3502	179
1	424	450	1616	1616	178
0	264	3108	3108	3108	178
0	4603	323	131	131	178
0	12	258	1295	4159	177
0	4603	323	11	2206	177
0	279	2679	2680	2745	176
1	422	430	430	430	176
0	2	97	3216	3340	176
0	12	259	1551	1595	176
0	462	1370	405	4059	174
0	2	4170	4170	4170	174
0	261	2506	2586	2690	174
1	424	456	525	525	173
1	423	435	1062	1062	172
0	261	334	1615	3501	172
0	12	175	637	3344	172
0	4603	1308	4585	4585	172
0	261	2506	1607	1607	171
0	289	1509	2147	1628	171
0	2	436	81	4726	171
0	12	3909	513	1020	170
0	4603	323	1831	3685	170
0	2	68	1352	1352	169
0	2	89	4825	4825	168
0	12	259	1534	4109	168
0	2	2389	189	4399	168
0	12	256	2219	2101	168
0	12	256	2214	1556	167
0	2837	4475	2843	2849	167
0	2448	2279	176	2559	166
0	2448	2279	4766	4766	166
0	12	258	3250	3250	166
0	289	1509	2148	2156	165
0	400	1438	3938	3938	165
0	12	3909	3327	3181	164
1	424	451	724	724	164
0	279	1567	1567	1567	164
1	424	1270	1470	1482	163
0	2	1346	75	1287	162
0	4	1234	2537	2537	162
0	2448	4649	4649	4649	162
0	261	145	3190	3190	162
0	2	103	4079	4079	161
1	424	1270	1470	1476	160
0	2	4139	4198	4199	160
0	289	3737	3741	3721	160
0	264	265	1093	1239	160
0	12	256	1721	1721	160
0	12	259	1551	2999	159
0	289	1509	2147	2249	158
0	2448	25	1907	1907	157
0	3630	3631	3631	3631	157
0	2	123	3410	1736	156
1	422	425	425	425	155
0	4150	1579	1602	1602	155
0	267	2870	3887	3887	154
0	2	1886	1887	1887	153
0	261	334	336	336	153
0	12	258	2724	2726	153
0	2837	4475	2843	2848	152
0	12	3909	324	1463	152
1	422	428	428	428	151
0	289	1506	1544	1627	151
0	2	68	1353	1353	151
1	422	1360	1360	1360	151
1	424	447	779	779	150
0	4603	323	1831	2437	149
0	2448	23	1871	4690	149
0	279	2679	2680	371	148
1	3866	4052	4052	4052	148
0	12	258	1194	3252	147
0	12	256	2219	3848	147
0	12	259	1551	4014	147
0	289	3737	4496	4496	147
0	4603	323	1831	3446	146
0	261	1817	1817	1817	146
0	4707	278	117	117	146
0	261	334	1111	3555	146
0	2	2491	235	1327	146
0	12	259	1550	3545	146
0	2448	2279	176	4000	146
0	12	256	2215	1680	146
0	2	109	110	2618	145
0	12	258	2724	2730	145
0	289	1506	2134	2170	144
0	2	123	3410	4773	144
0	2	2491	250	2274	143
0	279	2064	2064	2064	143
0	2	436	99	234	143
0	12	259	1551	3548	143
0	4603	323	1831	2432	142
0	12	258	2724	1703	141
0	264	4434	270	3311	141
0	12	257	3392	1394	141
0	12	256	2215	3833	141
0	264	402	1204	3662	140
0	12	259	1551	2871	140
0	2448	134	139	3698	139
0	261	334	3005	4181	139
0	4603	323	11	1501	139
0	2	482	482	482	138
0	3630	3631	2037	2037	138
0	2448	2279	4766	4767	138
0	2	2546	2546	2546	138
0	261	476	3480	3478	138
0	12	259	1534	1937	137
0	279	3427	3914	3429	137
0	12	3909	513	387	136
0	264	265	1093	3223	136
0	2	103	4079	4080	136
1	424	461	536	536	136
0	2	2578	2578	2578	136
0	4603	463	2077	2077	136
0	2	1384	1385	1385	136
0	2837	4474	2500	2500	135
1	424	438	565	565	135
1	424	439	569	569	135
0	2	123	3410	4763	135
0	279	1435	1434	1434	135
0	2	4380	4380	4380	135
0	2448	2279	176	4701	135
0	462	1370	2468	2472	134
0	279	2656	2656	2656	134
1	424	440	579	579	133
1	424	450	846	846	133
1	424	446	684	684	133
1	3866	4062	4062	4062	133
0	12	175	637	3063	133
0	12	258	1295	2985	132
0	12	259	1550	3581	132
0	12	258	1295	3243	132
0	264	4434	270	3081	131
0	3630	3632	3632	3632	130
0	4	1666	4116	4116	130
1	424	438	562	562	130
0	264	3164	3164	3164	130
0	462	1523	1524	4071	129
1	424	444	572	572	129
0	2448	134	1286	2624	128
0	4707	278	112	2483	128
0	264	265	1792	1792	127
0	279	3774	3774	3774	127
0	4707	278	2449	3069	127
0	4603	323	4586	4587	126
0	279	4324	4324	4324	126
0	12	3909	324	1726	125
0	12	3909	3327	3207	125
0	12	259	2221	2221	124
0	2	2090	3624	2905	124
0	261	476	3480	3479	124
0	462	1523	1529	4569	123
0	2448	134	1286	2698	123
0	2	193	248	248	123
0	264	265	2524	2526	123
0	4603	323	11	4135	122
0	12	175	637	3820	120
0	2	3878	3878	3878	120
0	264	265	13	1588	120
1	424	450	855	855	119
0	12	175	3815	3817	119
0	264	364	517	2024	119
0	12	258	1295	2971	118
0	261	2506	2586	2604	118
0	279	381	3021	3021	118
0	12	256	2215	3187	118
0	12	3909	3327	3175	118
0	12	258	2340	3056	118
0	279	2743	2743	2743	117
1	423	433	433	433	117
0	4707	278	4776	2443	117
0	4603	323	1831	2075	117
0	2	2052	2112	2112	117
0	4	9	9	9	116
1	424	450	859	859	116
0	12	3909	3327	3184	116
1	423	435	1072	1072	115
0	4707	278	3152	3152	115
0	261	334	1111	3541	115
0	279	1821	2852	2852	114
0	12	256	2213	3828	114
0	264	3873	3873	3873	114
0	2	1443	4681	4681	114
0	2	2490	79	1402	113
0	2448	134	190	1706	113
0	12	258	3364	3492	113
0	264	268	1235	4175	112
0	261	334	337	3642	112
0	264	265	4132	4114	112
0	2	4382	4383	4383	112
0	4603	3940	414	414	111
0	1392	3686	1604	1968	110
0	279	2665	2670	2670	110
1	424	450	994	994	110
0	2	2466	2858	2858	109
1	424	444	575	575	109
0	2	2491	1842	1842	109
0	2	4379	4379	4379	109
0	289	1506	2134	2139	108
0	289	1506	1491	1494	108
0	462	1523	4024	4289	108
0	462	1370	3194	3268	108
0	2448	25	2664	2664	107
0	264	402	408	4781	107
0	289	1506	2134	2142	107
0	261	145	358	2569	107
0	12	256	2219	4251	107
0	3865	4457	4457	4457	107
1	423	435	1078	1078	106
1	423	454	551	551	106
0	264	364	517	2444	106
0	2	4372	4372	4372	106
0	261	334	2991	2988	106
0	12	259	1550	1781	106
1	424	445	657	657	105
0	2448	2279	4766	4769	105
0	4603	463	2067	4094	105
0	12	259	1554	1554	104
0	2448	2279	284	4747	104
0	4707	278	2449	3900	104
0	279	2752	2752	2752	104
0	279	3427	3914	3914	104
0	4707	278	4504	4084	103
0	462	1523	4024	4065	103
0	279	2657	2657	2657	103
0	264	4434	4434	4434	102
0	261	2506	3406	3406	102
0	3865	4026	4026	4026	102
0	1392	3686	1604	3421	101
0	12	256	2215	3831	101
0	12	175	3809	3812	101
0	264	265	3132	3133	99
0	2448	2279	4632	4633	99
0	4603	463	2081	2081	99
0	2	3690	3690	3690	99
0	279	1775	4124	4124	98
0	12	256	2214	1397	98
1	424	445	661	661	97
0	4707	278	3272	3272	97
0	2	109	110	2283	97
0	2	2100	1382	1382	97
0	261	334	1111	3681	96
0	12	256	2218	1407	96
0	12	3909	513	1007	95
0	261	334	2585	2587	95
0	261	2506	2586	2603	95
0	279	2719	2823	2825	95
0	261	2506	2586	2601	95
0	12	256	2216	3840	95
0	12	256	2219	3849	95
0	289	1506	2134	2176	94
0	279	2757	2757	2757	94
0	261	2506	2586	2600	94
0	279	1821	3767	3767	94
1	424	439	567	567	93
0	2	301	2740	2741	93
0	1392	1623	1623	1623	93
0	2448	2279	4549	4549	92
1	424	445	668	668	92
0	4707	278	1668	3198	92
0	2	2197	2197	2197	92
0	12	259	1551	3397	92
0	4707	278	112	2038	91
0	267	506	1041	1041	91
0	264	265	13	1813	91
0	12	259	1534	1294	90
1	424	1270	1470	273	90
0	462	1370	2795	4571	90
0	2448	2279	284	4745	89
0	279	2658	2658	2658	89
0	2	4139	4198	4198	89
0	2	436	2428	2428	89
0	12	259	1550	2873	89
0	2	73	73	73	89
0	2448	134	2320	2776	88
0	462	1370	405	405	88
0	267	2867	1026	4522	88
0	4603	323	11	1849	88
0	12	256	2214	1406	88
0	4557			4557	88
0	261	147	1803	1803	87
0	289	1509	2148	2165	87
0	12	259	1551	3400	87
1	424	441	559	559	86
0	462	4436	4443	4443	85
0	462	1370	405	4282	85
0	279	2681	2681	2681	85
0	2	104	104	104	85
0	264	3385	3385	3385	85
0	264	3219	3221	3221	85
0	2	2052	2103	2103	84
0	12	175	3808	1133	84
0	279	2783	2783	2783	84
0	264	4434	4435	4435	84
1	424	450	2373	2373	83
0	2448	134	1310	2519	83
0	261	334	337	3646	83
0	2448	2279	284	4391	83
0	462			462	82
0	3865			3865	82
1	424	447	775	775	82
0	279	3431	3431	3431	82
0	264	3111	3111	3111	82
0	2	436	148	148	82
0	264	265	13	1939	82
1	424	458	531	531	81
0	261	1631	3471	3471	81
0	261	334	2991	2994	81
1	424	445	645	645	80
1	424	450	991	991	80
0	279	1465	1465	1465	80
1	424	446	915	915	80
0	2	1629	80	1856	80
0	12	3909	3327	3176	80
0	261	334	2585	2589	80
0	264	364	2022	2024	79
1	424	450	833	833	79
0	2	2261	2261	2261	79
0	289	3796	3797	3797	79
0	267	506	1044	1044	79
0	12	3909	324	1724	78
0	2	211	183	4273	78
0	267	3876	3876	3876	78
0	2	2939	2942	2942	78
0	12	259	1535	3860	77
0	2	2389	189	4400	77
0	264	2462	2462	2462	77
0	4707	278	2399	2399	77
0	462	1370	2468	2471	76
0	261	334	1615	3587	76
0	2448	2279	418	4697	76
0	261	1787	1787	1787	75
0	264	4434	270	2095	75
0	462	1370	2468	2041	75
0	2	4507	4507	4507	75
0	289	1506	2134	2172	74
0	2	1253	1155	2779	74
0	2	2059	2059	2059	74
0	279	3761	3761	3761	74
0	2448	134	190	1709	73
0	289	3737	3716	3716	73
0	267	2870	1036	1036	73
0	264	364	517	2022	73
0	12	256	1263	1263	72
1	424	455	522	522	72
1	423	435	1065	1065	72
0	4	3130	3130	3130	72
0	279	3775	3775	3775	72
0	2	109	110	2263	72
0	2	109	110	1228	72
1	424	445	2368	2368	71
0	2	436	148	1130	71
0	462	1370	2468	2470	71
1	424	450	866	866	71
1	424	460	532	532	71
0	12	256	2214	2688	71
0	12	3909	1766	1462	71
0	12	3909	513	1525	70
0	4603	463	1806	1806	70
1	424	451	935	935	70
0	264	265	1093	4666	70
0	4	1157	4359	4359	70
0	289	1506	2134	2143	70
0	12	258	4192	4192	70
0	12	256	2214	1688	70
0	3630	3633	4590	4590	69
0	2	4166	4166	4166	69
1	424	441	558	558	69
0	4	1157	505	4783	69
0	2	1634	3536	3537	69
0	4707	278	2449	4797	69
0	12	259	1551	4015	69
0	4603	323	11	2255	68
1	424	456	527	527	68
1	424	440	577	577	68
0	2	1253	1908	2826	68
0	261	476	1391	4559	68
0	3297	3299	3299	3299	68
1	1568	4057	4053	4053	67
1	424	447	757	757	67
0	2	2943	2944	2944	67
0	400	3939	3939	3939	67
0	4603	463	4803	4803	67
1	423	453	552	552	66
0	279	2661	2661	2661	66
0	289	1867	1867	1867	66
0	2	213	216	241	66
0	12	259	1283	2047	66
0	279	2758	2758	2758	66
0	462	1523	1524	4085	66
1	424	448	605	605	65
0	2	1253	1908	4423	65
0	289	1509	1492	1495	65
0	261	2506	2523	2523	65
0	462	1370	405	4238	64
0	2	2052	345	345	64
0	12	3909	324	1725	64
0	267	2870	1035	1035	64
0	261	1614	2935	2935	64
0	279	4326	4326	4326	64
0	12	3909	331	3189	64
0	462	1370	405	4237	63
0	462	1370	3194	4609	63
0	2	2699	2703	2703	63
0	12	256	2218	2218	63
0	12	258	2382	2549	63
0	279	2164	2164	2164	63
0	264	3166	3166	3166	63
1	424	439	570	570	62
0	279	2791	2791	2791	62
0	12	175	637	3818	62
0	279	2759	2759	2759	62
1	423	435	1057	1057	61
0	261	334	337	3639	61
1	424	447	961	961	61
0	12	256	2218	3837	60
0	12	259	2221	3083	60
0	12	259	1551	2890	60
1	3866	3996	3996	3996	60
1	423	435	2291	2291	59
0	2	4736	4741	4741	59
1	424	450	853	853	59
0	4603	323	1831	2385	58
0	279	3607	3607	3607	58
0	462	1370	2468	2430	58
1	424	450	839	839	58
0	264	265	1093	1240	58
0	279	2719	2723	2723	57
1	424	1270	1470	1479	57
0	2	2050	2050	2050	57
1	424	445	655	655	57
0	264	1813	1962	1962	57
0	2448	21	2677	2677	57
0	4707	278	3371	3371	57
1	424	456	524	524	56
0	12	259	1535	3855	56
0	261	145	3465	3465	56
0	279	2824	2824	2824	56
0	12	256	2214	1288	56
0	2448	2279	176	4295	56
0	289	1509	2148	2160	56
1	423	435	1055	1055	55
0	2	1253	1734	5	55
1	424	458	528	528	55
0	279	3427	3913	3913	55
0	12	3909	324	1745	55
0	267	2870	1033	1033	55
1	424	446	696	696	54
1	424	449	815	815	54
0	261	145	3466	3466	54
1	424	457	547	547	53
0				0	53
0	261	334	1111	1741	53
0	12	3909	324	3657	53
1	424	445	644	644	53
0	264	2538	2538	2538	53
0	12	258	2724	2725	53
0	279	2192	2192	2192	53
0	2	436	1931	1931	53
0	289	1506	2134	2146	52
0	2448	4648	4648	4648	52
0	12	3909	324	3324	52
0	264	265	13	2009	52
0	12	256	2220	1139	52
1	424	445	892	892	50
0	2	96	96	96	50
0	12	256	2219	3850	50
0	289	3737	3725	3725	50
0	12	256	1750	1750	50
0	12	258	1295	3242	50
1	424	451	727	727	49
0	261	334	1111	2715	49
0	289	3737	3704	3704	49
0	264	1813	1961	1964	49
0	400	1438	4665	4665	48
0	261	145	358	1533	48
0	462	1523	1529	1529	48
0	4603	463	1837	1837	48
0	462	1370	2468	2473	48
0	12	259	1535	4276	48
0	3630	3632	3636	3636	47
0	279	381	3326	3326	47
0	12	259	1551	3783	47
0	12	258	2340	3054	47
0	261	334	2991	2914	47
0	12	257	3258	1440	47
0	2	2052	2227	2227	47
0	261	334	1111	3554	47
0	4707	278	2449	3070	47
1	424	446	679	679	46
1	424	450	831	831	46
0	1392	3495	3495	3495	46
0	289	3737	3736	3736	46
0	12	3909	3327	3224	46
1	423	435	1085	1085	45
0	12	258	1125	1558	45
0	261	145	358	2831	45
0	462	1370	405	4641	45
1	424	446	694	694	45
0	4603	463	2073	2073	45
0	2	123	3410	4772	45
0	2	109	110	2694	45
1	423	435	1061	1061	44
0	279	3777	3777	3777	44
0	2448	2279	284	4746	44
0	2	233	3463	3463	44
0	289	3737	3708	3708	44
0	289	3737	3735	3735	44
0	12	259	2049	1580	44
0	2	109	110	2619	44
1	424	1270	1470	1488	43
0	279	3019	3019	3019	43
0	279	3763	3763	3763	43
0	261	2506	2901	3580	43
0	4603	463	395	4087	42
1	424	450	841	841	42
0	2	2052	300	300	42
1	424	441	560	560	42
0	4707	278	1668	3197	42
1	424	451	734	734	42
1	424	447	767	767	42
0	12	3909	3327	3225	42
0	261	334	337	3645	42
0	279	3427	3916	3428	42
1	424	449	797	797	42
0	12	259	1551	4016	42
0	2	1881	1881	1881	42
0	462	1370	2468	2040	41
0	462	1370	405	4280	41
0	261	145	1536	1536	41
0	289	3737	3706	3706	41
0	2	4788	4789	4334	41
0	4	2485	2485	2485	41
0	12	259	1550	3584	41
0	2448	23	3597	3596	41
0	4707	278	4693	4694	41
0	261	334	2991	2989	41
0	4603	463	396	4092	41
1	422	1452	1452	1452	41
0	4707	278	4776	366	40
1	1568	3944	3944	3944	40
1	424	446	700	700	40
0	264	1813	1951	1951	40
0	2	2090	3624	3623	40
0	12	1980	1980	1980	40
0	289	3737	3710	3710	40
0	2	4373	4373	4373	40
0	261	334	1111	2713	40
0	4603	463	3294	3294	40
0	264	2027	2027	2027	39
0	2	2939	2941	2941	39
1	424	450	857	857	39
1	424	450	856	856	39
0	12	259	1551	3560	39
0	12	259	1551	2998	39
1	424	440	580	580	38
0	12	259	1551	3781	38
0	2	360	360	360	38
0	267	2867	1027	3963	38
0	462	1370	3194	3895	38
0	279	3427	3916	3916	38
0	4603	323	11	4101	38
0	2	4788	4789	4384	38
1	424	451	713	713	37
1	424	446	674	674	37
0	4707	278	411	4723	37
1	424	449	2371	2371	37
0	4	1198	3436	3436	37
0	12	3909	3327	4179	37
0	289	1297	1300	1300	36
1	424	445	640	640	36
0	12	258	1194	2973	36
0	12	3909	3327	3182	36
0	289	1297	1297	1297	36
0	2	1886	1886	1886	36
0	289	3737	3705	3705	36
0	12	256	2213	1847	36
0	12	256	2218	3836	36
0	3609			3609	36
0	261	334	337	3643	36
0	4603	463	1839	1839	36
0	12	259	1535	3859	35
1	423	435	1059	1059	35
0	2	4236	4236	4236	35
0	289	3737	3712	3712	35
0	2	1881	2579	2579	35
0	261	2506	1742	1742	35
1	423	435	1049	1049	34
1	424	451	932	932	34
1	424	446	687	687	34
1	424	446	2369	2369	34
0	12	3616	3620	3617	34
1	424	450	842	842	34
0	4603	463	1838	1838	34
1	423	435	1058	1058	34
0	12	259	1551	4153	34
1	424	1270	1470	1474	33
1	424	457	545	545	33
0	462	1370	3194	3267	33
0	261	145	358	358	33
0	4707	278	7	1046	33
0	264	3219	3219	3219	33
1	423	435	1060	1060	32
1	424	445	665	665	32
1	424	447	750	750	32
0	289	1509	2147	2248	32
0	4603	463	2068	2068	32
1	424	447	762	762	32
0	12	256	1459	1727	32
0	261	2506	2901	2901	32
1	3866	4076	4076	4076	32
1	424	458	529	529	31
1	424	445	669	669	31
1	424	450	996	996	31
1	423	435	1081	1081	31
1	424	441	557	557	31
0	12	259	1551	3559	31
0	12	259	1535	4277	31
0	4603	323	11	4100	31
0	261	334	1111	3679	31
0	12	3909	513	1011	30
1	424	1270	1470	3289	30
1	424	449	819	819	30
0	3865	4036	4489	4489	30
0	4	4163	4163	4163	30
0	12	3909	3327	3329	30
0	2448	2279	2361	2361	30
0	12	259	1551	3779	30
0	12	258	2977	2977	30
1	424	1270	1470	1475	29
1	424	445	632	632	29
1	424	445	648	648	29
0	2	2566	2932	4691	29
1	424	451	736	736	29
1	424	459	543	543	29
0	279	3757	3757	3757	29
0	2	4788	4789	4335	29
0	12	258	2976	2976	29
0	2448	2279	1091	4222	29
0	2	97	4336	4340	29
0	264	3934	4306	4306	29
0	12	258	1194	3247	29
0	279	2665	2668	2668	29
1	424	445	643	643	29
0	4603	463	363	4562	29
0	267	1518	3274	3274	29
0	289	3654	3654	3654	29
1	424	446	912	912	28
0	4	2800	4730	4730	28
0	12	1981	1981	1981	28
0	462	1370	405	4056	28
0	289	1868	1868	1868	28
0	2	97	1936	4006	28
0	2448	2279	1091	4528	28
0	2448	23	3597	3595	28
1	422	1451	1451	1451	28
0	2	4736	4737	4737	28
0	2448	2279	176	4011	28
0	4603	323	11	373	28
0	289	1014	1014	1014	27
1	423	435	1086	1086	27
0	2448	2279	176	4035	27
0	462	1370	405	4281	27
1	424	445	658	658	27
0	12	3909	3327	4301	27
0	2	2804	2807	2807	27
0	4603	463	2072	2072	27
0	261	334	3637	3638	27
0	4603	323	1831	1345	27
0	4603	463	2069	2069	27
0	2	98	4106	4732	27
1	424	451	719	719	27
0	12	3909	3327	3177	27
1	424	446	672	672	26
1	424	445	664	664	26
0	3865	3929	4604	4604	26
0	462	1370	349	4583	26
0	289	1509	1492	2244	26
0	12	259	1551	3546	26
1	424	451	740	740	26
0	261	334	1111	1361	26
0	261	2506	2586	2599	26
0	4603	463	1740	1740	26
0	462	1370	2469	2426	26
0	264	265	13	4082	26
0	264	4136	4137	4138	26
0	2	4659	4660	4660	25
1	424	448	620	620	25
1	424	449	804	804	25
0	4603	323	129	2513	25
0	279	3773	3773	3773	25
0	2	3092	3093	3093	25
0	261	145	358	2830	25
0	2	220	1835	1835	25
0	2	2428	2428	2428	25
0	2	2939	2940	2940	25
0	2448	2279	176	1107	25
1	424	1270	1470	1472	24
0	264	4246	4246	4246	24
0	12	258	2724	2734	24
0	289	1509	2148	2163	24
0	12	259	1535	3856	24
0	12	258	2383	2383	24
0	12	256	2220	4263	24
0	4	1157	4516	4516	24
0	4603	463	1840	1840	24
0	289	4498	4498	4498	24
0	12	259	2221	3028	23
1	424	445	659	659	23
1	424	450	992	992	23
0	4	1198	1368	1191	23
1	424	459	541	541	23
1	423	435	1056	1056	23
1	424	450	1005	1005	23
0	4707	278	1520	1520	23
0	1392	3686	1970	1970	23
0	289	1506	2134	2140	23
0	12	256	2220	4265	23
0	264	1813	1954	1954	23
0	261	334	334	334	23
0	462	1370	2795	4573	23
0	12	256	2216	3841	23
0	289	1506	2134	2171	23
0	12	258	2340	3253	23
0	2	2389	189	1791	22
0	2448	2279	176	4033	22
1	424	450	830	830	22
0	267	2867	1027	4049	22
1	424	446	683	683	22
0	12	3616	3620	3619	22
0	261	334	4182	4182	22
0	2	2226	2226	2226	22
0	2	436	93	4770	21
0	267	2867	1027	3967	21
0	2448	2279	35	3666	21
0	2	484	3378	3377	21
0	2	1797	245	1999	21
0	264	1813	1950	1950	21
0	12	3909	513	4814	21
0	12	258	1295	3226	21
0	264	3875	3875	3875	21
0	2	436	78	4786	21
0	2	4736	4738	4738	21
0	12	257	3391	3391	21
0	4603	323	1831	3447	20
0	12	258	2724	2736	20
0	2	4375	4375	4375	20
0	2	1253	1715	4393	20
0	12	175	637	3343	20
0	12	258	1295	2970	20
1	424	447	955	955	20
0	12	256	2219	2120	20
0	267	2867	1027	3966	20
0	4603	1308	4567	4567	20
0	261	334	337	3640	20
0	462	4614	4614	4614	20
0	12	256	2214	1684	20
0	2	89	1948	2753	19
1	424	1442	1075	1075	19
0	12	257	3392	1972	19
0	4603	463	395	4088	19
1	424	445	907	907	19
1	424	445	898	898	19
1	424	448	598	598	19
0	4603	323	1831	3448	19
0	264	1813	1958	1958	19
0	4	1198	1198	1198	19
0	12	256	2219	3851	19
0	4707	278	2449	3068	19
0	3630	3631	2396	2396	19
0	12	256	2215	3834	19
0	2	4345	4345	4345	19
1	424	445	633	633	18
1	424	450	989	989	18
1	424	1270	1470	1489	18
0	12	256	1459	1459	18
0	4603	323	1831	2522	18
1	424	445	649	649	18
0	264	1813	1952	1952	18
0	2448	2279	1091	4221	18
0	4707	278	3973	3973	18
1	424	445	642	642	18
0	12	259	1551	4119	18
1	424	446	681	681	17
1	424	451	723	723	17
0	462	1370	349	4249	17
0	4603	323	11	1695	17
1	424	445	904	904	17
0	289	1509	2148	2159	17
0	264	419	3994	3994	17
0	289	1506	2134	2169	17
0	279	3756	3756	3756	17
0	2	97	4336	4341	17
0	289	3737	3724	3729	17
0	4603	463	230	230	17
0	12	259	1551	1147	17
0	12	258	3364	3367	17
0	3630	3631	3701	3622	17
0	462	1370	3194	3269	17
0	3630	3633	4599	4599	17
0	4	3154	3154	3154	17
1	424	1270	1470	1471	16
1	424	446	682	682	16
1	424	445	890	890	16
0	12	258	2724	385	16
1	424	451	747	747	16
1	423	435	1083	1083	16
0	267	2867	1027	4048	16
0	462	1370	2468	2032	16
0	12	3909	3327	3206	16
0	462	1371	407	407	16
0	289	3737	3724	3732	16
1	424	445	2294	2294	16
0	279	1390	1390	1390	16
0	4	1157	3591	3591	16
1	424	445	631	631	16
1	424	450	862	862	16
0	400	2488	2488	2488	16
0	289	1509	2147	4795	15
1	424	1442	1076	1076	15
1	423	435	1082	1082	15
1	424	446	707	707	15
1	424	445	666	666	15
1	424	445	889	889	15
0	4603	323	11	1170	15
0	279	3754	3754	3754	15
1	424	445	650	650	15
0	2	2675	2675	2675	15
0	2	1253	1908	1810	15
0	12	258	1295	2968	15
0	12	256	2220	1330	15
0	4603	463	1222	1222	15
0	2	233	3464	3464	15
0	261	2506	2586	2597	15
0	3865	4036	3997	4369	15
0	3630	3631	1152	4554	15
1	424	449	980	980	15
0	12	256	2218	1682	15
1	423	435	1050	1050	14
1	424	446	671	671	14
0	279	2679	2680	2193	14
1	424	448	616	616	14
0	289	4499	4499	4499	14
0	2	301	2584	2613	14
0	264	3934	3936	4722	14
0	2	4382	4382	4382	14
0	289	3737	3713	3713	14
0	279	1821	3769	3769	14
0	2	436	148	1203	14
0	12	259	1551	3401	14
1	423	435	1048	1048	13
1	424	450	867	867	13
0	462	1370	405	4245	13
1	424	451	737	737	13
1	423	435	1087	1087	13
0	279	1775	1775	1775	13
0	4	1198	1672	1196	13
0	12	3909	3327	3185	13
0	462	1370	405	4241	13
0	289	3737	3709	3709	13
0	462	1370	405	4185	13
0	2	4736	4740	4740	13
0	2	103	2853	2853	13
0	264	3113	3113	3113	13
1	424	447	785	785	13
0	12	3909	513	383	13
1	424	445	905	905	12
1	424	1270	1470	1486	12
1	424	445	893	893	12
1	424	449	803	803	12
1	424	446	913	913	12
1	424	1270	1470	1487	12
1	423	435	1066	1066	12
1	424	446	909	909	12
1	424	451	738	738	12
0	12	256	3853	3321	12
0	4	3130	1265	1265	12
0	4603	323	4601	4601	12
0	2448	2279	35	3664	12
1	424	450	3293	3293	12
0	264	265	13	3336	12
1	424	450	988	988	12
0	2	160	162	171	12
0	264	1813	1955	1955	12
0	12	3909	331	3450	12
0	12	256	3807	3807	12
0	12	258	1295	3240	12
0	12	3909	331	1102	12
0	3630	3633	2461	2461	12
0	264	265	13	1938	12
1	424	446	673	673	11
1	424	446	697	697	11
0	400	2489	2489	2489	11
0	261	2506	2586	2598	11
0	2	222	4422	4422	11
0	462	1370	349	349	11
0	261	334	337	3647	11
0	12	259	1535	3858	11
0	4603	463	2067	4602	11
0	264	4826	4826	4826	11
0	3630	3633	3193	3193	11
1	424	450	864	864	11
0	264	364	4447	4447	11
1	424	450	860	860	11
0	4603	323	11	1848	11
0	261	145	4821	4821	11
0	462	1370	405	4240	10
1	424	446	689	689	10
1	424	451	930	930	10
1	424	445	908	908	10
1	424	450	1000	1000	10
1	424	446	927	927	10
0	2	3696	3696	3696	10
1	424	450	1002	1002	10
0	289	1506	1491	1752	10
0	12	258	1194	2972	10
0	2448	23	1871	4689	10
0	2448	2279	1091	4220	10
0	2448	2279	176	4034	10
1	424	450	834	834	10
0	12	256	2217	2217	10
1	424	450	832	832	10
0	12	3909	262	1531	10
0	12	256	2216	3842	10
0	279	1775	4130	4130	10
0	4603	463	1153	1153	10
1	424	449	975	975	10
1	424	449	2300	2300	10
0	4707	278	4776	4779	10
0	289	3737	3714	3714	10
0	4707	278	112	3296	10
0	267	2867	1027	4050	9
0	2	484	3378	3375	9
1	3866	4039	4039	4039	9
1	424	451	3292	3292	9
1	424	1270	1470	1485	9
1	423	435	1069	1069	9
0	12	259	1535	3854	9
1	424	459	540	540	9
1	423	435	2290	2290	9
1	424	446	708	708	9
1	424	451	933	933	9
0	264	4248	4248	4248	9
1	424	447	967	967	9
0	2	2491	1932	1932	9
0	279	2662	2662	2662	9
1	424	445	906	906	9
0	264	4247	4247	4247	9
0	289	3737	3734	3734	9
0	12	175	637	3064	9
0	264	1813	1942	1942	9
0	289	3737	3724	3731	9
0	261	2506	3470	3470	9
0	12	258	2724	2735	9
0	264	1112	1199	1199	9
0	2	2782	4346	4346	9
0	462	1523	4539	4539	9
0	462	1371	4492	4492	9
1	424	450	2304	2304	9
1	424	457	544	544	9
1	424	447	777	777	9
0	2	2100	1383	1383	9
0	12	257	3258	1089	9
0	264	4434	4439	4439	9
0	12	3909	3327	4180	9
1	424	451	947	947	8
1	424	446	918	918	8
1	424	445	902	902	8
1	424	451	938	938	8
1	423	435	1068	1068	8
1	424	455	521	521	8
0	279	3020	3020	3020	8
0	2	1253	1908	1809	8
0	12	3656	3656	3656	8
0	4603	323	11	4261	8
0	2	436	148	1128	8
1	424	451	722	722	8
0	12	3909	331	3908	8
0	12	256	2220	4264	8
0	4	510	3077	3077	8
1	424	1270	1470	1473	8
1	424	447	952	952	8
0	261	2506	1612	3579	8
1	424	446	910	910	8
1	424	450	849	849	8
0	12	259	1550	3563	8
1	424	445	639	639	8
1	424	445	662	662	8
0	12	257	3258	1436	8
0	12	257	3258	1430	8
0	12	257	3258	1433	8
0	12	256	2220	4307	8
1	424	450	848	848	7
1	424	451	711	711	7
1	1568	4057	4054	4054	7
1	424	455	523	523	7
1	424	448	881	881	7
1	424	446	698	698	7
1	424	450	1003	1003	7
1	424	449	816	816	7
0	289	1506	1491	1993	7
1	424	449	969	969	7
0	289	3737	3711	3711	7
0	12	175	3809	3825	7
0	12	257	3391	3604	7
0	4707	278			7
0	261	334	337	3505	7
0	279	2719	2822	2822	7
1	424	449	814	814	7
1	424	450	995	995	7
0	3865	4036	4040	4041	7
1	424	450	838	838	7
1	424	450	863	863	7
1	424	449	799	799	7
0	3630	3631	3701	2033	7
0	279	3760	3760	3760	7
0	12	256	2216	2216	7
0	2	2061	2061	2061	7
1	424	451	721	721	7
0	264	265	13	4260	7
0	12	3909	3327	4256	7
0	2	2401	2401	2401	7
0	12	3909	324	3661	7
0	2	484	3378	3374	6
1	424	451	944	944	6
1	424	445	667	667	6
1	424	446	922	922	6
1	424	445	653	653	6
1	424	445	897	897	6
1	424	449	820	820	6
0	2	1253	1464	1464	6
0	289	1997	1420	1417	6
1	424	446	678	678	6
0	2	2699	2704	2706	6
0	2	2100	1379	2107	6
0	261	145	3191	3191	6
0	3630	3633	4588	4588	6
1	424	450	847	847	6
1	424	447	949	949	6
0	2	493	493	493	6
1	424	449	973	973	6
0	279	1435	1435	1435	6
0	3608			3608	6
0	2	1253	1908	2828	6
0	12	256	2216	1298	6
0	4603	463	2079	2079	6
0	264	2427	3126	3126	6
0	264	2544	2544	2544	6
0	12	259	1551	3561	6
0	279	1775	4127	4127	6
1	423	435	1053	1053	5
1	424	1270	1470	404	5
0	4707	278	3835	3835	5
1	423	435	1064	1064	5
0	12	256	2214	3287	5
0	2	2804	2805	2805	5
0	279	1783	1783	1783	5
0	289	3737	3724	3730	5
0	279	381	3022	3022	5
0	12	3616	3621	3614	5
1	424	451	710	710	5
1	424	446	917	917	5
0	264	1813	1901	1901	5
0	12	256	2220	4266	5
1	424	451	745	745	5
0	4707	278	4606	4608	5
0	289	1509	2148	2157	5
1	424	445	670	670	5
1	424	447	968	968	5
1	424	449	807	807	5
0	264	2533	2533	2533	5
1	424	451	743	743	5
1	424	451	718	718	5
0	2	4736	4739	4739	5
1	424	449	818	818	5
0	12	259	1535	478	5
0	264	1813	1947	1947	5
0	400	1438	4663	4663	5
0	4	1198	1368	3433	5
0	462	1370	405	4244	5
1	424	1442	2270	2270	4
0	462	277	277	277	4
1	424	450	1006	1006	4
0	264	265	13	4556	4
1	424	1270	1470	1478	4
1	424	446	924	924	4
1	424	448	604	604	4
0	12	256	1751	1751	4
0	289	3737	3726	3726	4
1	424	451	942	942	4
0	462	1370	2469	2469	4
0	4707	278	375	4535	4
1	424	446	704	704	4
0	12	258	1194	2986	4
0	264	265	13	3335	4
1	424	446	928	928	4
0	264	265	13	1964	4
0	2	1859	1899	1899	4
1	424	446	705	705	4
1	424	1270	1470	1480	4
1	424	450	840	840	4
0	12	258	1194	2975	4
1	424	446	688	688	4
0	462	277	287	287	4
1	424	451	730	730	4
1	424	447	759	759	4
1	424	447	776	776	4
1	424	445	652	652	4
0	3630	3631	3701	3701	4
0	462	1370	405	4242	4
1	424	451	929	929	4
1	424	447	957	957	4
1	424	447	958	958	4
0	12	175	3808	3808	4
1	424	445	647	647	4
0	462	1370	405	4243	4
0	462	1370	2469	2477	4
0	4	1198	3436	3438	4
1	424	451	712	712	4
0	3297	1539	3309	3309	4
1	424	445	641	641	4
1	423	435	1084	1084	3
0	2	377	4134	4134	3
1	424	451	945	945	3
1	3866	4494	4494	4494	3
0	289	3748	3748	3748	3
0	2	2052	2102	2102	3
1	424	455	520	520	3
0	2448	134	2520	2521	3
1	424	450	845	845	3
0	289	4501	4501	4501	3
1	424	451	732	732	3
0	289	3737	3803	3803	3
0	279	1821	3766	3766	3
1	424	451	729	729	3
0	264	1813	1945	1945	3
1	424	450	851	851	3
0	4603	323	129	4564	3
0	4603	463	1841	1841	3
0	4150	1650	1674	4804	3
1	424	450	998	998	3
1	424	449	972	972	3
0	12	256	2216	1719	3
1	424	446	701	701	3
1	424	446	703	703	3
0	2	2692	2692	2692	3
1	424	451	741	741	3
0	2	1346	75	4172	3
1	424	448	621	621	3
1	3866	4102	4102	4102	3
0	12	259	1535	3857	3
0	4603	463	4820	4820	3
0	261	334	337	3644	3
0	2	301	15	4520	3
0	12	256	2219	3852	3
0	289	1509	2148	2167	3
1	424	450	990	990	3
0	264	2427	2427	2427	3
0	3297	1539	1690	1690	3
0	2	1859	4417	4420	3
0	4707	278	490	4514	3
0	3630	3631	3701	2034	3
0	4603	323	11	3702	3
1	424	449	800	800	3
1	424	449	978	978	3
0	279	3427	3917	3917	3
0	2	301	1592	1592	3
0	264	2427	3127	3127	2
1	424	448	608	608	2
1	424	447	778	778	2
1	424	445	636	636	2
0	12	257	3391	3605	2
0	279	1775	4125	4125	2
1	423	435	1079	1079	2
0	462	1370	2469	2479	2
0	2	2854	2854	2854	2
1	424	1270	1470	1481	2
0	267	1518	3275	3275	2
1	424	445	891	891	2
1	424	447	763	763	2
1	424	448	872	872	2
0	264	2462	3883	3884	2
0	4603	463	2066	2066	2
0	12	256	2214	3288	2
0	264	3874	3874	3874	2
0	12	258	1295	2969	2
0	267	1514	1514	1514	2
1	424	447	751	751	2
0	4	3130	3262	3262	2
0	264	419	3894	3894	2
1	424	445	651	651	2
0	279	1784	1784	1784	2
0	3865	4462	4462	4462	2
0	264	3144	3144	3144	2
1	424	448	617	617	2
0	264	4703	4703	4703	2
1	424	446	2296	2296	2
0	279	2751	2751	2751	2
0	264	1813	1815	1815	2
1	424	451	720	720	2
0	12	257	3258	4304	2
0	261	2506	2901	2580	2
1	424	446	686	686	1
1	424	449	791	791	1
1	424	450	835	835	1
1	424	448	625	625	1
0	2	2804	2806	2806	1
0	4707	278	4765	4765	1
0	3629			3629	1
1	424	447	754	754	1
0	264	1813	1941	1941	1
0	261	2506	2617	2617	1
0	264	1813	1946	1946	1
0	264	1813	1944	1944	1
0	264	1813	1943	1943	1
1	3866	4103	4103	4103	1
0	4603	463	2070	2070	1
0	2	123	3410	3493	1
1	424	1270	1470	1484	1
1	424	449	795	795	1
1	424	446	692	692	1
0	462	1523	4024	4288	1
1	424	447	950	950	1
1	424	447	770	770	1
0	2448	2279	2717	2717	1
1	424	450	868	868	1
1	424	446	690	690	1
0	2	2490	84	4303	1
1	424	447	774	774	1
1	3866	4019	4019	4019	1
1	424	451	948	948	1
0	4707	278	2449	4218	1
1	424	448	870	870	1
0	462	1370	2468	3119	1
0	4	3141	3141	3141	1
0	264	3872	3872	3872	1
1	424	450	1004	1004	1
0	462	1523	4024	4598	1
0	3865	4036	3997	4063	1
0	2	436	93	4509	1
1	424	449	971	971	1
0	3865	4036	3997	3995	1
1	424	450	2305	2305	1
0	4707	278	3689	3689	1
1	424	447	769	769	1
1	424	445	2267	2267	1
0	2	1253	3910	3911	1
1	1568	4057	3941	3941	1
0	289	3737	3703	3703	1
0	4603	323	1831	3444	1
0	3630	3633	4589	4589	1
1	424	448	626	626	1
0	462	1523	1524	2116	1
0	4	3139	3139	3139	1
0	2	2804	2808	2808	1
0	3630	3632	3634	3634	1
1	424	448	2367	2367	1
0	264	265	13	3441	1
0	462	1370	2468	3120	1
0	462	1371	4592	4592	1
0	264	364	4430	4431	1
0	462	1370	3194	3266	1
0	264	3877	3877	3877	1
0	4	1198	1368	3432	1
0	462	1370	2469	2478	1
0	2	3985	3985	3985	1
0	12	256	2217	1720	1
1	424	445	654	654	1
0	4603	323	11	1380	1
1	424	451	746	746	1
0	289	3737	3800	3800	1
0	12	3909	3327	4302	1
0	2448	134	2520	2520	1
0	12	258	3364	3369	1
1	424	449	801	801	1
0	4707	278	3153	3153	1
1	424	448	603	603	1
1	424	448	592	592	1
0	462	277	287	4597	1
1	424	446	1365	1365	1
0	4707	278	3993	3993	1
0	264	1813	1956	1956	1
0	264	1813	1949	1949	1
1	424	447	760	760	1
0	2	109	110	3040	1
0	2	109	4270	4270	1
0	289	3796	3792	3794	1
1	424	449	2301	2301	1
1	424	448	628	628	1
1	424	448	875	875	1
1	424	447	758	758	1
1	424	444	571	571	1
1	424	448	615	615	1
1	424	449	798	798	1
1	424	449	827	827	1
1	424	446	926	926	1
1	424	447	780	780	1
0	264	4136	4137	4137	1
1	1568	3945	3945	3945	1
0	267	2865	1519	1519	1
0	4	3991	3991	3991	1
1	424	447	772	772	1
0	4	1202	4631	3863	1
